date,nino12,nino3,nino34,nino4,soi,tni,mei,oni,precipitation_mm,month,precip_anomaly
1950-01-01,-1.2,-1.34,-1.05,-0.69,0.54,0.624,,-1.53,225.6155424118042,1,-100.14435795106385
1950-02-01,-1.27,-1.6,-1.5,-1.1,1.58,0.445,,-1.34,295.464786529541,2,-72.57370637592516
1950-03-01,-0.68,-0.96,-1.07,-0.91,1.79,0.382,,-1.16,252.39159965515137,3,-147.498983502388
1950-04-01,-1.22,-0.98,-0.91,-0.76,1.67,0.311,,-1.18,307.9846000671387,4,-39.60666982751144
1950-05-01,-0.61,-1.33,-1.3,-0.79,0.55,0.124,,-1.07,144.82490253448486,5,-121.67819045091932
1950-06-01,-0.91,-1.01,-0.86,-0.62,3.06,0.213,,-0.85,159.65821266174316,6,-25.137934402415624
1950-07-01,-1.1,-1.04,-1.08,-0.98,2.14,0.293,,-0.54,166.27404689788818,7,9.57830873602316
1950-08-01,-0.15,-0.51,-0.63,-0.99,1.14,0.316,,-0.42,144.4944372177124,8,11.231090886028198
1950-09-01,-0.78,-1.11,-1.1,-0.96,0.63,0.564,,-0.39,146.1344289779663,9,-1.9256930915933026
1950-10-01,-0.88,-0.88,-0.83,-1.06,1.68,0.69,,-0.44,109.4929702281952,10,-58.39481885809646
1950-11-01,-1.64,-1.45,-1.38,-1.42,0.89,0.993,,-0.6,79.89472389221191,11,-79.95727093596207
1950-12-01,-0.93,-0.97,-1.04,-0.79,2.46,1.239,,-0.8,127.4652590751648,12,-101.58515966565986
1951-01-01,0.14,-0.72,-1.13,-1.26,1.32,1.315,,-0.82,175.96039390563965,1,-149.7995064572284
1951-02-01,-0.56,-0.43,-0.74,-0.96,,1.46,,-0.54,242.80852127075195,2,-125.22997163471422
1951-03-01,-0.22,-0.63,-0.77,-0.77,-0.71,1.59,,-0.17,219.8976469039917,3,-179.99293625354767
1951-04-01,0.3,0.0,-0.17,-0.53,-1.03,1.457,,0.18,310.7727527618408,4,-36.81851713280929
1951-05-01,0.75,-0.12,-0.1,-0.19,-1.29,1.615,,0.36,183.13754892349243,5,-83.36554406191175
1951-06-01,1.5,0.27,-0.09,-0.39,-0.52,1.627,,0.58,196.4186525344849,6,11.622505470326104
1951-07-01,2.2,1.14,0.66,-0.03,-1.33,1.521,,0.7,166.91870260238647,7,10.222964440521451
1951-08-01,1.61,1.26,0.9,0.14,-0.75,1.493,,0.89,141.04375314712524,8,7.78040681544104
1951-09-01,1.38,0.87,0.67,0.09,-1.17,1.255,,0.99,142.87919998168945,9,-5.180922087870158
1951-10-01,1.27,1.03,0.79,0.15,-1.44,0.799,,1.15,186.62484788894653,10,18.73705880265487
1951-11-01,1.28,1.03,0.78,0.26,-0.98,0.492,,1.04,103.89927864074708,11,-55.9527161874269
1951-12-01,0.49,0.81,0.71,0.34,-0.9,0.294,,0.81,177.0246353149414,12,-52.02578342588325
1952-01-01,0.2,0.43,0.39,0.24,-0.92,0.168,,0.53,269.8834381103516,1,-55.87646225251643
1952-02-01,-0.02,0.2,0.24,0.13,-0.83,-0.293,,0.37,261.8631887435913,2,-106.17530416187486
1952-03-01,0.33,0.11,0.04,-0.09,-0.02,-0.368,,0.34,315.8699426651001,3,-84.02064049243927
1952-04-01,-0.51,0.14,0.41,0.25,-0.73,-0.374,,0.29,307.6919174194336,4,-39.89935247521652
1952-05-01,-0.05,-0.52,-0.38,0.04,0.67,-0.568,,0.2,273.59979820251465,5,7.096705217110468
1952-06-01,-0.22,-0.73,-0.66,-0.29,0.78,-0.719,,0.0,159.2927312850952,6,-25.5034157790636
1952-07-01,-0.95,-0.76,-0.59,-0.42,0.51,-0.702,,-0.08,133.72108459472656,7,-22.97465356713846
1952-08-01,-0.32,-0.55,-0.42,-0.34,-0.38,-0.703,,0.0,108.95960783958436,8,-24.30373849209984
1952-09-01,-0.37,-0.62,-0.35,0.0,-0.24,-0.704,,0.15,122.09641456604004,9,-25.963707503519572
1952-10-01,-0.23,-0.27,-0.04,-0.12,0.12,-0.449,,0.1,140.61407136917114,10,-27.27371771712052
1952-11-01,-0.66,-0.55,-0.32,-0.33,-0.22,-0.566,,0.04,109.96851682662964,11,-49.88347800154435
1952-12-01,-0.36,-0.69,-0.55,-0.28,-1.4,-0.167,,0.15,112.30210280418396,12,-116.7483159366407
1953-01-01,-0.22,0.07,0.36,0.25,0.12,-0.027,,0.4,281.9977502822876,1,-43.762150080580454
1953-02-01,0.39,0.24,0.24,-0.01,-0.72,0.15,,0.6,445.6835517883301,2,77.6450588828639
1953-03-01,0.8,0.15,0.22,0.25,-0.79,0.325,,0.63,464.3695793151856,3,64.47899615764624
1953-04-01,1.13,0.79,0.77,0.39,-0.18,0.55,,0.66,465.4429435729981,4,117.85167367834799
1953-05-01,1.29,0.36,0.35,0.2,-2.72,0.428,,0.75,309.00697803497314,5,42.503885049568964
1953-06-01,0.89,0.5,0.41,0.13,-0.47,0.532,,0.77,222.13186740875244,6,37.33572034459365
1953-07-01,0.82,0.22,0.2,0.12,-0.06,0.409,,0.75,150.1603593826294,7,-6.535378779235629
1953-08-01,1.11,0.04,0.04,-0.0,-1.89,0.196,,0.73,127.89058017730711,8,-5.372766154377089
1953-09-01,0.97,0.7,0.67,0.28,-1.35,0.121,,0.78,182.9179286956787,9,34.8578066261191
1953-10-01,0.25,0.01,0.11,-0.0,-0.18,0.129,,0.84,122.52436208724976,10,-45.363426999041906
1953-11-01,0.28,0.13,0.31,0.17,-0.36,-0.425,,0.84,138.1863784790039,11,-21.66561634917008
1953-12-01,-0.12,0.08,0.15,-0.1,-0.61,-0.537,,0.81,97.36401653289796,12,-131.68640220792668
1954-01-01,-1.09,-0.15,0.39,0.18,0.57,-0.655,,0.76,235.3981347084045,1,-90.36176565446354
1954-02-01,-0.47,-0.12,0.21,0.09,-0.52,-1.249,,0.47,203.74542427062988,2,-164.2930686348363
1954-03-01,-0.27,-0.32,0.01,0.01,-0.31,-1.787,,-0.05,309.72295665740967,3,-90.1676265001297
1954-04-01,-2.17,-1.17,-0.32,0.04,0.41,-1.702,,-0.41,280.4227638244629,4,-67.16850607018722
1954-05-01,-1.92,-1.25,-0.53,-0.12,0.15,-1.839,,-0.54,181.25648641586304,5,-85.24660656954114
1954-06-01,-1.37,-1.33,-0.8,-0.47,-0.49,-1.799,,-0.5,142.60239601135254,6,-42.19375105280625
1954-07-01,-1.58,-1.35,-1.02,-0.69,0.36,-1.338,,-0.64,115.98178148269652,7,-40.713956679168504
1954-08-01,-0.98,-1.33,-1.08,-0.72,0.9,-0.981,,-0.84,98.94509410858154,8,-34.31825222310266
1954-09-01,-1.36,-1.35,-1.03,-0.81,0.17,-0.606,,-0.9,101.87830209732056,9,-46.181819972239055
1954-10-01,-1.54,-1.28,-0.91,-0.76,0.09,-0.464,,-0.77,162.27675580978394,10,-5.611033276507726
1954-11-01,-1.07,-1.38,-1.17,-0.92,0.16,-0.189,,-0.73,86.57431840896606,11,-73.27767641920792
1954-12-01,-1.43,-1.18,-0.79,-0.56,1.31,0.081,,-0.66,138.60264682769775,12,-90.4477719131269
1955-01-01,-0.29,-0.76,-0.66,-0.67,-0.68,0.316,,-0.68,201.0390248298645,1,-124.72087553300355
1955-02-01,-1.18,-0.68,-0.79,-0.89,1.3,0.489,,-0.62,257.6160697937012,2,-110.422423111765
1955-03-01,-0.6,-0.88,-0.8,-0.67,0.13,0.619,,-0.69,304.554181098938,3,-95.33640205860138
1955-04-01,-0.46,-0.99,-0.95,-0.93,-0.81,0.358,,-0.8,195.7728624343872,4,-151.8184074602629
1955-05-01,-1.2,-1.52,-1.23,-0.87,0.88,0.399,,-0.79,160.48692750930786,5,-106.01616547609632
1955-06-01,-1.03,-1.41,-1.2,-0.81,1.63,0.319,,-0.72,109.3645191192627,6,-75.43162794489609
1955-07-01,-0.67,-1.26,-1.32,-1.08,1.8,0.045,,-0.68,140.2998661994934,7,-16.395871962371615
1955-08-01,-0.82,-0.79,-0.91,-0.81,1.38,0.147,,-0.75,95.29373025894164,8,-37.96961607274257
1955-09-01,-1.01,-1.44,-1.33,-0.92,1.4,0.346,,-1.09,140.82032203674316,9,-7.239800032816447
1955-10-01,-1.73,-1.7,-1.59,-1.48,1.51,0.411,,-1.42,136.67948532104492,10,-31.20830376524674
1955-11-01,-1.57,-2.08,-1.91,-1.37,1.38,0.545,,-1.67,141.34051322937012,11,-18.51148159880387
1955-12-01,-1.31,-1.65,-1.52,-1.26,0.91,0.84,,-1.47,110.83901476860046,12,-118.21140397222419
1956-01-01,-1.04,-1.3,-1.23,-1.01,1.16,1.092,,-1.11,242.34928846359253,1,-83.41061189927552
1956-02-01,-0.69,-0.92,-0.98,-0.97,1.1,1.119,,-0.76,321.4830331802368,2,-46.555459725229355
1956-03-01,0.13,-0.67,-0.93,-0.86,0.89,0.977,,-0.63,395.8027267456055,3,-4.087856411933842
1956-04-01,-0.23,-0.75,-0.78,-0.59,1.06,0.992,,-0.54,313.8838291168213,4,-33.70744077782882
1956-05-01,-0.57,-0.67,-0.59,-0.61,1.44,0.982,,-0.52,211.3751864433289,5,-55.127906542075294
1956-06-01,-0.42,-0.62,-0.83,-0.94,1.26,0.723,,-0.51,173.48819732666016,6,-11.307949737498632
1956-07-01,0.13,-0.76,-0.94,-0.85,1.19,0.707,,-0.57,223.2907257080078,7,66.59498754614279
1956-08-01,-0.34,-0.67,-0.81,-0.75,1.05,0.766,,-0.55,149.5893177986145,8,16.325971466930298
1956-09-01,-0.53,-0.71,-0.91,-1.02,0.06,0.66,,-0.46,187.02730178833008,9,38.96717971877047
1956-10-01,-0.68,-0.6,-0.69,-0.87,1.92,0.341,,-0.42,190.1440315246582,10,22.25624243836654
1956-11-01,-0.88,-1.05,-1.01,-0.75,0.11,-0.035,,-0.43,91.82316541671752,11,-68.02882941145647
1956-12-01,-1.05,-0.8,-0.58,-0.47,0.99,-0.111,,-0.43,150.616840839386,12,-78.43357790143867
1957-01-01,-1.31,-0.87,-0.56,-0.21,0.43,0.09,,-0.25,213.70860624313357,1,-112.05129411973448
1957-02-01,0.16,-0.31,-0.24,0.02,-0.36,0.261,,0.06,434.5056457519531,2,66.46715284648695
1957-03-01,1.34,0.23,0.08,-0.03,-0.37,0.651,,0.41,455.2475776672363,3,55.35699450969696
1957-04-01,1.38,0.34,0.42,0.28,0.05,1.41,,0.72,517.7094268798828,4,170.1181569852327
1957-05-01,2.16,0.56,0.45,0.46,-1.18,1.734,,0.92,300.004976272583,5,33.50188328717883
1957-06-01,2.25,0.9,0.53,-0.05,-0.37,1.62,,1.11,261.0244846343994,6,76.22833757024063
1957-07-01,2.14,1.19,0.69,0.08,0.18,1.606,,1.25,179.69132900238037,7,22.995590840515348
1957-08-01,1.48,1.14,0.79,0.13,-1.08,1.413,,1.32,147.73876523971558,8,14.475418908031372
1957-09-01,1.78,0.68,0.53,0.27,-1.01,0.984,,1.33,125.79567432403564,9,-22.264447745523967
1957-10-01,1.43,0.83,0.74,0.41,-0.09,0.631,,1.39,237.91955137252808,10,70.03176228623641
1957-11-01,1.29,1.02,1.09,0.59,-1.23,0.137,,1.53,299.9314498901367,11,140.07945506196273
1957-12-01,1.09,1.16,1.18,0.62,-0.44,-0.27,,1.74,298.95894622802734,12,69.90852748720269
1958-01-01,0.73,1.19,1.54,1.07,-1.89,-0.639,,1.81,432.3783016204834,1,106.61840125761535
1958-02-01,0.99,0.91,1.4,1.17,-0.78,-0.523,,1.66,532.4950180053711,2,164.45652509990492
1958-03-01,0.86,0.56,0.99,0.97,-0.32,-0.565,,1.27,520.4070720672607,3,120.51648890972137
1958-04-01,1.47,0.07,0.31,0.45,0.03,-0.258,,0.93,472.494707107544,4,124.90343721289389
1958-05-01,1.07,-0.16,0.32,0.57,-1.39,-0.005,,0.74,274.39234733581543,5,7.88925435041125
1958-06-01,1.06,0.04,0.3,0.27,-0.27,-0.042,,0.64,204.0273141860962,6,19.231167121937403
1958-07-01,0.8,-0.01,0.04,0.05,0.23,-0.23,,0.57,172.80227422714233,7,16.10653606527731
1958-08-01,-0.06,0.08,0.24,0.29,0.72,-0.244,,0.43,176.95254373550415,8,43.689197403819946
1958-09-01,0.19,-0.21,-0.31,-0.2,-0.34,-0.337,,0.39,143.92687797546387,9,-4.133244094095744
1958-10-01,0.28,-0.27,-0.03,0.06,-0.56,-0.594,,0.44,247.82470083236691,10,79.93691174607525
1958-11-01,0.14,-0.14,0.05,0.15,-0.61,-0.503,,0.5,136.29183769226074,11,-23.560157135913244
1958-12-01,-0.17,-0.08,0.3,0.41,-0.84,-0.599,,0.61,290.15250968933105,12,61.1020909485064
1959-01-01,-0.12,-0.02,0.43,0.3,-0.94,-0.468,,0.61,315.5163288116455,1,-10.243571551222544
1959-02-01,0.07,-0.03,0.5,0.39,-1.5,-0.319,,0.62,390.6570053100586,2,22.618512404592423
1959-03-01,0.93,-0.03,0.26,0.21,0.77,-0.13,,0.52,546.0880527496338,3,146.19746959209442
1959-04-01,0.72,0.12,0.27,0.19,0.35,0.102,,0.33,416.4061546325684,4,68.8148847379183
1959-05-01,0.42,-0.15,-0.01,0.2,0.14,0.094,,0.2,269.3210735321045,5,2.817980546700312
1959-06-01,0.24,-0.43,-0.33,-0.3,-0.96,-0.246,,-0.07,153.15452098846436,6,-31.641626075694433
1959-07-01,-0.24,-0.38,-0.28,-0.19,-0.47,-0.387,,-0.18,210.09469985961917,7,53.398961697754146
1959-08-01,-0.46,-0.5,-0.41,-0.06,-0.68,-0.384,,-0.28,129.99510145187378,8,-3.2682448798104247
1959-09-01,0.15,-0.42,-0.53,-0.13,-0.01,-0.308,,-0.09,143.52745056152344,9,-4.532671508036174
1959-10-01,-0.06,0.11,0.11,-0.16,0.34,-0.109,,-0.03,136.30529499053955,10,-31.58249409575211
1959-11-01,0.07,-0.24,-0.17,-0.34,0.9,0.184,,0.05,164.1154718399048,11,4.263477011730828
1959-12-01,-0.23,-0.15,-0.05,-0.28,0.81,0.364,,-0.04,396.9471158981323,12,167.89669715730767
1960-01-01,-0.35,-0.07,0.02,-0.42,-0.05,0.439,,-0.1,352.86591625213623,1,27.10601588926818
1960-02-01,-0.4,-0.37,-0.24,-0.44,-0.25,0.095,,-0.1,307.13508892059326,2,-60.90340398487291
1960-03-01,-0.18,-0.15,-0.08,-0.36,,-0.05,,-0.07,331.68624687194824,3,-68.20433628559113
1960-04-01,-0.82,-0.31,0.01,-0.08,0.79,-0.262,,0.03,255.25577545166016,4,-92.33549444298995
1960-05-01,-0.32,-0.17,0.05,-0.14,0.3,-0.521,,0.02,217.24347352981567,5,-49.259619455588506
1960-06-01,-0.69,-0.33,-0.2,-0.42,-0.47,-0.602,,0.03,133.77672672271729,6,-51.0194203414415
1960-07-01,-0.58,-0.3,-0.25,-0.37,0.5,-0.409,,0.13,142.6261019706726,7,-14.069636191192416
1960-08-01,-0.26,0.03,-0.0,-0.41,0.53,-0.493,,0.24,103.2472333908081,8,-30.0161129408761
1960-09-01,-0.03,0.13,0.04,-0.33,0.65,-0.487,,0.27,153.45356941223145,9,5.393447342671834
1960-10-01,-0.74,-0.35,-0.07,-0.25,-0.2,-0.507,,0.2,157.94901418685913,10,-9.93877489943253
1960-11-01,-0.9,-0.74,-0.38,-0.33,0.6,-0.357,,0.12,133.60698223114014,11,-26.24501259703385
1960-12-01,-0.51,-0.32,0.02,0.09,0.63,-0.076,,0.05,171.61198711395264,12,-57.43843162687202
1961-01-01,0.13,-0.34,-0.15,-0.26,-0.43,0.146,,0.04,362.3134756088257,1,36.55357524595763
1961-02-01,0.64,0.1,0.04,-0.13,0.58,0.325,,0.03,426.3072204589844,2,58.268727553518204
1961-03-01,-0.04,-0.13,-0.1,-0.28,-2.47,0.468,,0.04,374.4709510803223,3,-25.419632077217045
1961-04-01,-0.3,0.3,0.13,-0.36,1.15,0.23,,0.09,401.7982578277588,4,54.20698793310868
1961-05-01,-0.26,0.06,-0.01,-0.23,0.18,-0.237,,0.23,295.10008811950684,5,28.596995134102656
1961-06-01,-0.26,0.09,0.1,-0.23,-0.53,-0.396,,0.27,135.31173706054688,6,-49.48441000361191
1961-07-01,-0.86,-0.67,-0.32,-0.39,0.18,-0.583,,0.14,103.37157917022704,7,-53.32415899163799
1961-08-01,-0.48,-0.59,-0.25,-0.39,-0.16,-0.489,,-0.13,88.18338227272034,8,-45.07996405896387
1961-09-01,-0.71,-0.93,-0.52,-0.46,0.11,-0.312,,-0.3,110.08846521377563,9,-37.971656855783976
1961-10-01,-0.45,-0.92,-0.71,-0.62,-0.73,0.058,,-0.26,169.29262495040894,10,1.404835864117274
1961-11-01,-0.35,-0.32,-0.19,-0.47,0.68,0.37,,-0.19,122.86584377288818,11,-36.9861510552858
1961-12-01,-0.39,-0.32,-0.29,-0.59,1.31,0.617,,-0.16,260.5300693511963,12,31.479650610371635
1962-01-01,-0.33,-0.17,-0.25,-0.76,1.72,0.328,,-0.24,281.3238115310669,1,-44.43608883180116
1962-02-01,-0.44,-0.13,-0.16,-0.42,-0.41,-0.103,,-0.22,277.78617095947266,2,-90.25232194599351
1962-03-01,-1.4,-0.59,-0.41,-0.48,-0.32,-0.282,,-0.2,350.1931028366089,3,-49.69748032093048
1962-04-01,-1.66,-0.77,-0.32,-0.26,0.3,-0.711,,-0.26,267.43958473205566,4,-80.15168516259445
1962-05-01,-0.54,-0.73,-0.42,-0.41,1.1,-0.999,,-0.28,219.36605834960935,5,-47.13703463579483
1962-06-01,-0.63,-0.55,-0.22,-0.23,0.37,-0.853,,-0.2,136.02072715759277,6,-48.775419906566015
1962-07-01,-0.77,-0.39,-0.3,-0.38,-0.04,-0.498,,-0.04,109.63877201080322,7,-47.0569661510618
1962-08-01,-0.31,-0.1,-0.13,-0.34,0.26,-0.61,,-0.07,133.46200132369995,8,0.1986549920157472
1962-09-01,-0.28,-0.55,-0.56,-0.52,0.53,-0.536,,-0.11,114.63200569152832,9,-33.42811637803129
1962-10-01,-0.89,-0.5,-0.33,-0.41,0.95,-0.482,,-0.22,144.15164375305176,10,-23.736145333239904
1962-11-01,-0.86,-0.68,-0.43,-0.31,0.27,-0.321,,-0.31,131.080641746521,11,-28.77135308165299
1962-12-01,-1.24,-0.79,-0.49,-0.43,-0.1,-0.306,,-0.43,137.90356397628784,12,-91.14685476453681
1963-01-01,-0.31,-0.37,-0.32,-0.45,0.8,-0.127,,-0.4,291.515908241272,1,-34.24399212159608
1963-02-01,-0.5,-0.37,-0.26,-0.25,0.26,-0.111,,-0.15,267.6902656555176,2,-100.3482272499486
1963-03-01,-0.02,-0.0,-0.06,-0.23,0.66,0.063,,0.15,452.6738624572754,3,52.78327929973602
1963-04-01,-0.54,-0.02,-0.06,-0.13,0.51,0.003,,0.27,171.7375659942627,4,-175.85370390038742
1963-05-01,0.1,0.06,-0.0,-0.14,0.14,-0.1,,0.31,165.0741810798645,5,-101.42891190553968
1963-06-01,0.04,0.39,0.12,-0.38,-1.3,-0.251,,0.52,99.86122369766235,6,-84.93492336649643
1963-07-01,0.24,0.84,0.72,0.04,-0.13,-0.173,,0.86,103.2042179107666,7,-53.49152025109842
1963-08-01,0.54,0.9,0.9,0.27,-0.43,-0.367,,1.14,60.78452813625336,8,-72.47881819543085
1963-09-01,0.66,0.63,0.65,0.14,-0.6,-0.625,,1.22,107.79024839401244,9,-40.269873675547174
1963-10-01,0.32,0.78,0.84,0.4,-1.46,-0.722,,1.29,136.59534645080566,10,-31.292442635485997
1963-11-01,-0.0,0.67,0.75,0.42,-0.93,-0.93,,1.37,101.71696186065674,11,-58.13503296751725
1963-12-01,-0.14,0.96,1.05,0.4,-1.35,-1.273,,1.31,196.3923921585083,12,-32.65802658231635
1964-01-01,-0.63,0.44,0.76,0.29,-0.53,-1.342,,1.07,370.31101417541504,1,44.55111381254699
1964-02-01,-1.03,0.03,0.55,0.34,-0.13,-1.304,,0.62,377.1154661178589,2,9.076973212392716
1964-03-01,-1.0,-0.36,-0.16,-0.21,0.71,-1.544,,0.12,598.0285797119141,3,198.1379965543747
1964-04-01,-0.86,-1.03,-0.53,-0.18,1.78,-1.424,,-0.33,415.6740188598633,4,68.08274896521317
1964-05-01,-2.05,-1.38,-0.74,-0.38,-0.02,-1.178,,-0.58,215.16557455062863,5,-51.337518434775546
1964-06-01,-1.23,-1.23,-0.88,-0.65,0.72,-0.993,,-0.58,184.60989475250244,6,-0.1862523116563466
1964-07-01,-1.12,-0.65,-0.65,-0.71,0.62,-0.526,,-0.6,115.74308252334596,7,-40.95265563851906
1964-08-01,-1.09,-1.03,-0.76,-0.89,1.32,0.019,,-0.66,109.46562361717224,8,-23.797722714511963
1964-09-01,-0.34,-0.77,-0.93,-1.23,1.29,0.473,,-0.76,107.56603002548218,9,-40.49409204407743
1964-10-01,-1.24,-0.92,-1.0,-1.19,1.26,0.781,,-0.8,127.8268404006958,10,-40.06094868559586
1964-11-01,-0.74,-0.93,-1.1,-1.17,-0.06,0.909,,-0.82,219.31071281433103,11,59.45871798615704
1964-12-01,-0.98,-1.13,-1.07,-0.96,-0.49,0.879,,-0.78,206.5095887184143,12,-22.540830022410347
1965-01-01,-0.43,-0.7,-0.57,-0.52,-0.52,1.119,,-0.59,382.0490961074829,1,56.28919574461486
1965-02-01,0.07,-0.36,-0.36,-0.46,0.01,1.393,,-0.28,333.3515014648437,2,-34.68699144062248
1965-03-01,0.61,-0.17,-0.34,-0.54,0.24,1.838,,-0.07,619.3138217926025,3,219.42323863506317
1965-04-01,1.69,0.1,-0.09,-0.27,-1.34,2.175,,0.18,513.5479545593262,4,165.95668466467606
1965-05-01,2.16,0.54,0.19,-0.2,-0.03,2.209,,0.46,428.0546102523804,5,161.55151726697625
1965-06-01,1.98,0.71,0.45,-0.09,-1.63,2.019,,0.83,422.034158706665,6,237.2380116425062
1965-07-01,1.72,0.94,0.81,0.07,-2.32,1.484,,1.22,263.5088396072388,7,106.8131014453738
1965-08-01,1.55,1.32,1.25,0.28,-1.37,0.758,,1.54,302.69286727905273,8,169.42952094736853
1965-09-01,1.07,1.25,1.26,0.3,-1.41,0.214,,1.85,244.05498504638672,9,95.99486297682711
1965-10-01,0.8,1.37,1.61,0.6,-1.22,-0.107,,1.98,317.25583934783936,10,149.3680502615477
1965-11-01,0.84,1.43,1.54,0.7,-1.86,-0.336,,1.97,289.9863338470459,11,130.1343390188719
1965-12-01,0.92,1.3,1.45,0.68,0.02,-0.56,,1.72,371.0447015762329,12,141.99428283540826
1966-01-01,0.77,1.12,1.13,0.59,-1.36,-1.127,,1.37,449.6218919754028,1,123.86199161253472
1966-02-01,-0.03,0.51,0.83,0.58,-0.54,-1.485,,1.17,534.5619277954102,2,166.52343488994399
1966-03-01,-1.06,0.05,0.83,0.82,-1.75,-1.806,,0.98,517.1971416473389,3,117.3065584897995
1966-04-01,-1.08,-0.02,0.54,0.35,-0.9,-2.177,,0.66,407.2709655761719,4,59.679695681521764
1966-05-01,-0.76,-0.6,-0.06,0.25,-0.71,-2.362,,0.35,438.6455240249634,5,172.1424310395592
1966-06-01,-0.76,-0.32,0.14,0.21,0.14,-2.009,,0.24,176.06163024902344,6,-8.73451681513535
1966-07-01,-0.35,-0.18,0.23,0.39,-0.15,-1.867,,0.24,195.4938416481018,7,38.79810348623678
1966-08-01,-0.35,-0.5,-0.1,0.24,0.19,-1.699,,0.12,195.64229679107663,8,62.37895045939243
1966-09-01,-0.44,-0.44,-0.05,0.13,-0.24,-1.408,,-0.05,232.2872257232666,9,84.22710365370699
1966-10-01,-0.43,-0.31,-0.05,0.01,-0.33,-1.178,,-0.1,207.74586248397827,10,39.85807339768661
1966-11-01,-0.58,-0.7,-0.37,-0.12,-0.2,-0.774,,-0.18,195.4931688308716,11,35.641174002697625
1966-12-01,-0.85,-0.69,-0.26,-0.08,-0.61,-0.224,,-0.3,263.9337320327759,12,34.883313291951225
1967-01-01,-0.82,-0.49,-0.55,-0.74,1.52,-0.079,,-0.41,449.9569988250733,1,124.19709846220525
1967-02-01,-0.4,-0.42,-0.56,-0.67,1.2,-0.022,,-0.48,420.2484436035156,2,52.209950698049454
1967-03-01,-0.66,-0.47,-0.47,-0.41,0.65,-0.139,,-0.53,265.12090015411377,3,-134.7696830034256
1967-04-01,-0.26,-0.69,-0.53,-0.04,-0.12,-0.461,,-0.45,330.0365924835205,4,-17.554677411129603
1967-05-01,-0.68,-0.41,-0.24,0.15,-0.41,-0.973,,-0.24,349.6093044281006,5,83.1062114426964
1967-06-01,-0.44,-0.12,-0.12,-0.04,0.67,-1.253,,-0.0,162.55744457244873,6,-22.238702491710058
1967-07-01,-0.7,-0.42,-0.1,-0.09,0.18,-1.449,,0.05,123.65119767189026,7,-33.044540489974764
1967-08-01,-1.14,-0.71,-0.31,-0.25,0.44,-1.543,,-0.16,96.31810474395752,8,-36.945241587726684
1967-09-01,-1.18,-0.95,-0.59,-0.44,0.44,-1.674,,-0.3,99.90025520324708,9,-48.15986686631253
1967-10-01,-1.53,-0.96,-0.38,-0.2,-0.17,-1.723,,-0.38,139.42892837524414,10,-28.45886071104752
1967-11-01,-1.4,-0.92,-0.34,-0.1,-0.57,-1.619,,-0.34,87.96817302703857,11,-71.88382180113541
1967-12-01,-1.56,-0.85,-0.35,-0.14,-0.78,-1.545,,-0.44,145.40182733535767,12,-83.64859140546699
1968-01-01,-1.16,-1.16,-0.6,-0.25,,-1.335,,-0.64,270.47746562957764,1,-55.282434733290415
1968-02-01,-0.97,-1.32,-0.74,-0.03,0.77,-1.172,,-0.74,234.3826675415039,2,-133.65582536396226
1968-03-01,-1.17,-1.18,-0.76,-0.41,-0.56,-1.108,,-0.62,219.94607257843015,3,-179.94451057910922
1968-04-01,-1.32,-0.7,-0.47,-0.41,-0.31,-1.245,,-0.44,249.158878326416,4,-98.43239156823412
1968-05-01,-1.44,-0.85,-0.44,-0.36,1.21,-1.197,,-0.04,167.7519612312317,5,-98.75113175417249
1968-06-01,-0.99,-0.09,0.19,-0.11,1.27,-1.071,,0.28,128.2494592666626,6,-56.54668779749619
1968-07-01,-0.23,0.26,0.31,-0.1,0.77,-0.69,,0.58,128.05372858047485,7,-28.64200958139017
1968-08-01,0.24,0.38,0.33,-0.03,-0.2,-0.534,,0.53,118.63882994651794,8,-14.62451638516626
1968-09-01,0.8,0.29,0.05,-0.26,-0.36,-0.442,,0.45,191.47235870361328,9,43.41223663405367
1968-10-01,0.08,0.26,0.32,0.18,-0.35,-0.398,,0.55,112.39608645439148,10,-55.49170263190018
1968-11-01,-0.01,0.37,0.76,0.52,-0.44,-0.785,,0.73,115.50699949264526,11,-44.34499533552872
1968-12-01,0.28,0.56,0.76,0.48,0.13,-1.508,,0.98,146.6504292488098,12,-82.39998949201487
1969-01-01,-0.08,0.37,0.9,0.93,-1.36,-1.509,,1.13,256.5596370697021,1,-69.20026329316596
1969-02-01,-0.21,0.32,1.02,1.23,-0.85,-1.156,,1.09,256.028076171875,2,-112.01041673359117
1969-03-01,0.79,0.42,0.61,0.67,-0.03,-0.713,,0.95,408.8182058334351,3,8.927622675895748
1969-04-01,1.22,0.36,0.33,0.48,-0.9,0.053,,0.77,342.9052448272705,4,-4.686025067379603
1969-05-01,1.91,0.65,0.39,0.32,-0.78,0.622,,0.61,305.90974521636963,5,39.40665223096545
1969-06-01,1.71,0.67,0.26,-0.03,-0.24,0.491,,0.43,227.80307292938232,6,43.006925865223536
1969-07-01,0.62,0.3,0.1,0.01,-0.73,0.191,,0.36,119.78869581222534,7,-36.90704234963968
1969-08-01,0.12,0.6,0.52,0.36,-0.71,-0.1,,0.51,118.45144653320312,8,-14.811899798481079
1969-09-01,0.41,0.68,0.47,0.38,-1.1,-0.463,,0.79,122.53249168395996,9,-25.52763038559965
1969-10-01,0.98,0.82,0.66,0.38,-1.35,-0.5,,0.86,128.93721628189087,10,-38.95057280440079
1969-11-01,0.78,0.85,0.75,0.48,-0.18,-0.303,,0.81,147.2090721130371,11,-12.642922715136876
1969-12-01,0.72,0.86,0.68,0.53,0.24,-0.348,,0.63,244.60059452056885,12,15.550175779744194
1970-01-01,0.45,0.66,0.55,0.37,-1.26,-0.773,,0.51,345.4101657867432,1,19.65026542387517
1970-02-01,-0.44,0.13,0.36,0.4,-1.22,-1.024,,0.34,261.74150466918945,2,-106.29698823627672
1970-03-01,-0.88,-0.1,0.26,0.27,0.06,-1.386,,0.29,267.1172618865967,3,-132.7733212709427
1970-04-01,-0.72,-0.24,0.18,0.15,-0.56,-1.721,,0.19,369.5028018951416,4,21.91153200049149
1970-05-01,-0.88,-0.62,0.01,0.23,0.04,-1.993,,0.04,234.19621419906616,5,-32.30687878633802
1970-06-01,-1.07,-0.86,-0.3,-0.07,1.02,-1.865,,-0.3,166.8259334564209,6,-17.97021360773789
1970-07-01,-1.83,-1.68,-0.98,-0.24,-0.52,-1.723,,-0.63,116.0299780368805,7,-40.66576012498453
1970-08-01,-1.3,-1.49,-0.95,-0.49,0.31,-1.284,,-0.76,100.6001479625702,8,-32.663198369114
1970-09-01,-0.89,-1.07,-0.78,-0.58,1.18,-0.959,,-0.77,150.59533596038818,9,2.5352138908285724
1970-10-01,-0.64,-0.87,-0.65,-0.69,0.74,-0.276,,-0.74,121.2136242389679,10,-46.674164847323766
1970-11-01,-0.99,-1.15,-0.85,-0.55,1.85,0.231,,-0.86,93.49341630935668,11,-66.35857851881731
1970-12-01,-1.04,-1.26,-1.11,-0.97,1.83,0.454,,-1.15,211.63762521743772,12,-17.412793523386938
1971-01-01,-1.08,-1.31,-1.47,-1.28,0.23,0.566,,-1.36,189.14475679397583,1,-136.61514356889222
1971-02-01,-1.44,-1.42,-1.28,-1.0,1.44,0.862,,-1.38,363.8851776123047,2,-4.153315293161484
1971-03-01,-0.97,-1.17,-1.29,-1.1,1.98,0.692,,-1.12,569.6786289215088,3,169.78804576396942
1971-04-01,-0.23,-0.78,-0.97,-0.74,2.58,0.4,,-0.85,314.6216297149658,4,-32.96964017968429
1971-05-01,-0.95,-0.87,-0.82,-0.66,0.88,0.397,,-0.73,227.6152744293213,5,-38.88781855608289
1971-06-01,-0.85,-0.81,-0.78,-0.74,0.21,0.211,,-0.74,193.5937213897705,6,8.79757432561172
1971-07-01,-0.52,-0.62,-0.64,-0.83,0.17,0.1,,-0.8,177.42804956436157,7,20.73231140249655
1971-08-01,-0.97,-0.81,-0.65,-0.87,1.42,0.097,,-0.77,144.95142126083374,8,11.688074929149536
1971-09-01,-0.69,-0.76,-0.75,-1.06,1.51,0.145,,-0.82,158.1584072113037,9,10.0982851417441
1971-10-01,-0.8,-1.08,-0.78,-0.61,1.75,0.087,,-0.85,205.6606168746948,10,37.772827788403134
1971-11-01,-0.79,-1.09,-0.85,-0.58,0.55,0.221,,-0.96,166.2150478363037,11,6.363053008129725
1971-12-01,-0.75,-1.15,-0.89,-0.47,0.15,0.259,,-0.9,212.01262855529785,12,-17.037790185526802
1972-01-01,-0.15,-0.57,-0.58,-0.41,0.33,0.447,,-0.71,338.9432983398437,1,13.183397976975641
1972-02-01,0.41,-0.32,-0.22,-0.03,0.67,0.576,,-0.35,326.3626174926758,2,-41.67587541279039
1972-03-01,0.78,-0.2,-0.25,-0.01,0.13,0.661,,0.06,437.3579273223877,3,37.46734416484833
1972-04-01,1.14,0.32,0.21,0.33,-0.46,0.851,,0.41,305.27395248413086,4,-42.31731741051925
1972-05-01,1.32,0.49,0.33,0.47,-1.52,1.134,,0.67,249.75216388702395,5,-16.750929098380226
1972-06-01,2.25,0.93,0.66,0.35,-1.68,1.52,,0.92,243.33017349243164,6,58.53402642827285
1972-07-01,2.66,1.33,0.83,0.3,-1.84,1.659,,1.13,157.0561399459839,7,0.3604017841188636
1972-08-01,2.88,2.02,1.3,0.19,-1.12,1.642,,1.37,245.7524929046631,8,112.48914657297888
1972-09-01,1.95,1.64,1.19,0.23,-1.48,1.482,,1.58,183.1589412689209,9,35.09881919936129
1972-10-01,1.72,1.92,1.77,0.72,-1.13,1.186,,1.84,230.03731203079224,10,62.149522944500575
1972-11-01,1.69,2.15,1.87,0.61,-0.38,0.6,,2.09,218.39142322540283,11,58.539428397228846
1972-12-01,1.91,2.44,2.19,0.89,-1.47,0.122,,2.12,315.2166690826416,12,86.16625034181695
1973-01-01,1.33,1.62,1.6,0.85,-0.43,-0.293,,1.84,478.5251903533936,1,152.76528999052556
1973-02-01,0.06,0.81,1.08,0.61,-1.47,-0.675,,1.25,430.6941032409668,2,62.655610335500626
1973-03-01,-0.37,0.31,0.58,0.44,-0.06,-1.108,,0.54,396.8823709487915,3,-3.0082122087478638
1973-04-01,-0.82,-0.33,-0.07,-0.04,-0.37,-1.22,,-0.1,408.2999610900879,4,60.70869119543778
1973-05-01,-1.04,-0.89,-0.56,-0.08,0.25,-1.119,,-0.54,353.9481029510498,5,87.44500996564562
1973-06-01,-0.91,-0.96,-0.86,-0.56,1.22,-0.855,,-0.87,187.6034688949585,6,2.807321830799708
1973-07-01,-1.08,-1.25,-1.14,-0.75,0.63,-0.561,,-1.11,142.14623546600342,7,-14.549502695861605
1973-08-01,-1.29,-1.22,-1.21,-0.95,1.18,-0.038,,-1.28,148.16427850723267,8,14.900932175548462
1973-09-01,-1.14,-1.18,-1.4,-1.21,1.27,0.501,,-1.45,175.14368534088135,9,27.083563271321736
1973-10-01,-0.98,-1.35,-1.58,-1.3,0.85,1.149,,-1.71,102.71654653549194,10,-65.17124255079972
1973-11-01,-0.92,-1.59,-2.07,-1.58,2.85,1.717,,-1.95,114.11889553070068,11,-45.7330992974733
1973-12-01,-1.05,-1.6,-2.18,-1.86,1.76,1.969,,-2.03,129.5073709487915,12,-99.54304779203315
1974-01-01,-0.82,-1.58,-2.02,-1.72,2.16,2.145,,-1.84,227.2107367515564,1,-98.54916361131166
1974-02-01,-0.8,-1.19,-1.5,-1.15,1.49,2.129,,-1.55,390.25146865844727,2,22.212975752981095
1974-03-01,-0.16,-0.94,-1.44,-1.15,2.1,1.962,,-1.23,323.4746952056885,3,-76.41588795185089
1974-04-01,0.02,-0.57,-1.0,-0.94,1.27,1.728,,-1.03,249.5064353942871,4,-98.084834500363
1974-05-01,0.34,-0.37,-0.79,-0.76,1.24,1.703,,-0.91,290.14934635162354,5,23.646253366219355
1974-06-01,0.23,-0.22,-0.7,-0.81,0.14,1.502,,-0.77,129.0128517150879,6,-55.7832953490709
1974-07-01,0.16,-0.22,-0.65,-0.9,1.23,1.229,,-0.53,180.08266639709473,7,23.386928235229703
1974-08-01,0.08,0.04,-0.32,-0.73,0.56,0.89,,-0.37,145.60345315933228,8,12.340106827648071
1974-09-01,-0.44,-0.23,-0.35,-0.88,1.16,0.824,,-0.41,155.92987060546875,9,7.869748535909139
1974-10-01,-1.17,-0.63,-0.75,-0.96,0.72,0.636,,-0.61,163.66036128997803,10,-4.227427796313634
1974-11-01,-0.74,-0.75,-0.96,-1.02,-0.42,0.479,,-0.75,174.8457098007202,11,14.9937149725462
1974-12-01,-1.13,-0.74,-0.86,-0.9,-0.14,0.361,,-0.64,180.7746243476868,12,-48.27579439313786
1975-01-01,-0.88,-0.44,-0.37,-0.7,-0.62,0.6,,-0.54,343.4478912353516,1,17.687990872483567
1975-02-01,-0.74,-0.5,-0.33,-0.35,0.46,0.749,,-0.57,387.9104537963867,2,19.871960890920548
1975-03-01,0.22,-0.44,-0.59,-0.6,1.14,0.855,,-0.65,605.1546039581299,3,205.26402080059052
1975-04-01,0.28,-0.27,-0.59,-0.72,1.48,0.949,,-0.73,338.6927604675293,4,-8.898509427120814
1975-05-01,-0.47,-0.92,-1.0,-0.88,0.51,1.337,,-0.83,224.34652662277225,5,-42.156566362631935
1975-06-01,-0.58,-1.1,-1.25,-1.02,1.69,1.46,,-0.98,172.2714614868164,6,-12.524685577342382
1975-07-01,-0.32,-0.88,-1.24,-1.4,2.13,1.503,,-1.13,118.7238631248474,7,-37.971875037017625
1975-08-01,-0.64,-0.63,-1.16,-1.62,2.03,1.734,,-1.2,118.22693085670473,8,-15.036415474979478
1975-09-01,-1.04,-1.06,-1.44,-1.92,2.15,1.933,,-1.37,127.45216369628906,9,-20.60795837327055
1975-10-01,-1.23,-1.22,-1.47,-1.93,1.67,1.984,,-1.43,166.81097173690796,10,-1.0768173493837025
1975-11-01,-1.59,-1.22,-1.46,-1.88,1.25,1.946,,-1.55,129.4294309616089,11,-30.4225638665651
1975-12-01,-1.49,-1.54,-1.64,-1.88,2.05,1.909,,-1.65,176.7036008834839,12,-52.34681785734077
1976-01-01,-0.88,-1.65,-1.8,-1.42,1.19,1.725,,-1.56,515.8683032989502,1,190.10840293608214
1976-02-01,-0.35,-1.02,-1.05,-0.97,1.18,1.727,,-1.17,374.7537899017334,2,6.715296996267227
1976-03-01,0.17,-0.57,-0.68,-0.59,1.33,1.697,,-0.73,456.1829500198364,3,56.29236686229706
1976-04-01,0.59,-0.23,-0.42,-0.51,0.24,1.813,,-0.47,347.1650791168213,4,-0.42619077782882187
1976-05-01,0.81,-0.07,-0.49,-0.52,0.5,2.059,,-0.28,329.1733446121216,5,62.6702516267174
1976-06-01,1.56,0.61,0.0,-0.46,-0.16,2.355,,-0.05,294.21077728271484,6,109.41463021855606
1976-07-01,2.02,0.85,0.15,-0.49,-1.24,2.206,,0.18,128.95427465438843,7,-27.741463507476595
1976-08-01,1.81,0.97,0.31,-0.45,-1.46,1.882,,0.35,169.04354906082153,8,35.78020272913733
1976-09-01,1.23,0.94,0.57,-0.05,-1.29,1.353,,0.62,138.48109245300293,9,-9.579029616556682
1976-10-01,0.76,1.1,0.86,0.15,0.13,0.809,,0.81,112.2002182006836,10,-55.68757088560807
1976-11-01,0.44,1.05,0.88,0.31,0.76,0.303,,0.86,189.58964824676517,11,29.73765341859118
1976-12-01,0.25,0.76,0.64,0.05,-0.48,0.066,,0.85,228.48480796813965,12,-0.5656107726850053
1977-01-01,0.29,0.95,0.84,0.04,-0.39,-0.165,,0.71,352.3535442352295,1,26.59364387236144
1977-02-01,-0.14,0.61,0.55,0.09,0.65,-0.266,,0.64,333.7178649902344,2,-34.320627915231796
1977-03-01,-0.38,0.4,0.4,0.03,-1.2,-0.445,,0.34,460.7488880157471,3,60.85830485820776
1977-04-01,-0.68,-0.51,-0.25,-0.13,-1.17,-0.658,,0.23,211.17141723632807,4,-136.41985265832204
1977-05-01,-0.45,-0.22,-0.03,-0.11,-1.18,-0.907,,0.21,168.3292260169983,5,-98.17386696840589
1977-06-01,0.08,0.16,0.36,0.12,-2.33,-1.185,,0.34,135.91343879699707,6,-48.88270826716172
1977-07-01,0.03,0.15,0.45,0.36,-1.45,-1.527,,0.35,101.50985145568848,7,-55.18588670617655
1977-08-01,-0.52,-0.21,0.25,0.39,-1.42,-1.733,,0.42,100.50604605674744,8,-32.75730027493677
1977-09-01,-0.5,0.01,0.44,0.49,-0.95,-1.947,,0.57,114.13604021072388,9,-33.924081858835734
1977-10-01,-0.19,0.55,0.89,0.48,-1.39,-2.106,,0.73,129.86725234985352,10,-38.020536736438146
1977-11-01,-0.29,0.58,1.03,0.62,-1.56,-1.912,,0.81,133.25268745422363,11,-26.599307373950353
1977-12-01,-0.56,0.53,1.09,0.73,-1.23,-1.635,,0.79,241.8971529006958,12,12.846734159871147
1978-01-01,-0.07,0.44,0.72,0.48,-0.48,-1.571,,0.69,170.31479692459106,1,-155.445103438277
1978-02-01,-0.35,0.23,0.51,0.38,-2.63,-1.283,,0.42,411.0020637512207,2,42.96357084575453
1978-03-01,-0.77,-0.14,0.06,0.03,-0.82,-1.0,,0.06,314.9669723510742,3,-84.92361080646515
1978-04-01,-0.37,-0.72,-0.37,-0.08,-0.88,-0.983,,-0.18,212.9591989517212,4,-134.63207094292892
1978-05-01,-0.54,-0.81,-0.5,-0.06,1.5,-0.905,,-0.31,208.83903217315677,5,-57.66406081224741
1978-06-01,-0.86,-0.7,-0.45,-0.33,0.4,-0.785,,-0.29,106.91265821456908,6,-77.88348884958971
1978-07-01,-0.4,-0.72,-0.48,-0.25,0.53,-0.732,,-0.36,109.28548336029051,7,-47.41025480157451
1978-08-01,-0.64,-0.72,-0.62,-0.37,0.12,-0.616,,-0.42,76.3069486618042,8,-56.956397669880005
1978-09-01,-0.3,-0.47,-0.6,-0.45,0.06,-0.349,,-0.42,130.64496517181396,9,-17.415156897745646
1978-10-01,-0.43,-0.14,-0.34,-0.31,-0.76,-0.084,,-0.29,117.3202428817749,10,-50.56754620451676
1978-11-01,0.04,-0.02,-0.15,-0.16,-0.28,0.022,,-0.08,159.49686527252197,11,-0.3551295556520131
1978-12-01,0.23,0.26,0.07,-0.1,-0.21,-0.188,,0.0,241.76451444625852,12,12.714095705433863
1979-01-01,0.23,-0.09,0.05,0.18,-0.45,-0.343,0.46,0.03,256.089807510376,1,-69.67009285249208
1979-02-01,-0.58,-0.2,0.09,0.3,0.61,-0.309,0.29,0.07,292.54706954956055,2,-75.49142335590562
1979-03-01,-0.25,-0.08,0.13,0.22,-0.49,-0.347,-0.05,0.2,274.5583782196045,3,-125.33220493793488
1979-04-01,0.51,0.24,0.17,0.07,-0.65,-0.187,0.22,0.28,277.8516483306885,4,-69.73962156396163
1979-05-01,0.27,0.08,-0.09,-0.13,0.46,0.067,0.27,0.23,254.67316436767575,5,-11.829928617728427
1979-06-01,0.76,0.3,0.04,-0.15,0.58,0.333,-0.11,0.05,180.8389377593994,6,-3.957209304759374
1979-07-01,0.45,-0.04,-0.2,-0.06,-0.76,0.44,-0.1,0.04,103.8934338092804,7,-52.80230435258463
1979-08-01,0.5,0.47,0.21,-0.13,-0.69,0.462,0.47,0.17,96.39772772789,8,-36.8656186037942
1979-09-01,1.02,0.81,0.48,-0.15,0.11,0.302,0.38,0.33,148.20181846618652,9,0.14169639662691225
1979-10-01,0.67,0.57,0.32,0.02,-0.37,0.007,0.23,0.45,131.79981517791748,10,-36.08797390837418
1979-11-01,0.12,0.52,0.35,0.06,-0.61,-0.285,0.53,0.52,84.12772178649902,11,-75.72427304167496
1979-12-01,-0.34,0.58,0.69,0.5,-0.9,-0.758,0.63,0.64,171.46061992645264,12,-57.58979881437202
1980-01-01,-0.1,0.42,0.55,0.44,0.28,-1.073,0.33,0.59,277.88313484191895,1,-47.87676552094911
1980-02-01,-0.25,0.02,0.33,0.6,-0.02,-1.201,0.21,0.46,285.6595802307129,2,-82.37891267475328
1980-03-01,0.02,-0.13,0.09,0.4,-1.06,-1.04,0.39,0.34,307.0073642730713,3,-92.88321888446808
1980-04-01,-0.0,0.04,0.2,0.3,-1.6,-0.996,0.5,0.38,369.0461826324463,4,21.454912737796178
1980-05-01,0.25,0.07,0.13,0.35,-0.35,-1.039,0.45,0.48,235.30694484710693,5,-31.196148138297247
1980-06-01,0.21,0.35,0.37,0.24,-0.68,-1.039,0.55,0.46,136.5014934539795,6,-48.294653610179296
1980-07-01,-0.44,-0.1,0.02,0.17,-0.14,-1.018,0.47,0.25,120.0895380973816,7,-36.60620006448342
1980-08-01,-0.44,-0.18,-0.23,-0.09,-0.06,-1.135,0.03,0.03,167.18807411193848,8,33.92472778025427
1980-09-01,-0.11,-0.04,-0.12,-0.1,-0.54,-1.284,0.12,-0.07,136.45703315734863,9,-11.603088912210978
1980-10-01,-0.52,-0.26,-0.11,0.1,-0.34,-1.291,0.03,0.02,186.07750177383423,10,18.189712687542567
1980-11-01,-0.68,0.01,0.1,0.27,-0.47,-1.393,-0.08,0.11,149.92369651794434,11,-9.92829831022965
1980-12-01,-1.13,0.2,0.36,0.13,-0.21,-1.425,-0.12,-0.01,226.87403345108032,12,-2.1763852897443314
1981-01-01,-1.29,-0.74,-0.46,-0.11,0.27,-1.35,-0.35,-0.26,222.9087896347046,1,-102.85111072816346
1981-02-01,-0.83,-0.65,-0.45,-0.03,-0.47,-1.094,-0.23,-0.5,365.13676834106445,2,-2.901724564401718
1981-03-01,-0.19,-0.24,-0.02,0.18,-2.01,-0.835,0.33,-0.47,369.150128364563,3,-30.74045479297638
1981-04-01,-0.31,-0.33,-0.17,-0.08,-0.6,-0.558,0.42,-0.37,250.8922863006592,4,-96.6989835939909
1981-05-01,-0.22,-0.21,-0.11,-0.05,0.82,-0.496,-0.24,-0.26,136.47586393356323,5,-130.02722905184095
1981-06-01,-0.06,-0.03,-0.15,-0.28,1.28,-0.464,-0.69,-0.29,146.8564510345459,6,-37.93969602961289
1981-07-01,-0.56,-0.34,-0.43,-0.42,0.87,-0.533,-0.6,-0.3,146.18617248535156,7,-10.50956567651346
1981-08-01,-0.55,-0.32,-0.18,-0.31,0.4,-0.604,-0.33,-0.25,116.01197361946106,8,-17.251372712223144
1981-09-01,-0.24,0.04,-0.07,-0.17,0.52,-0.708,-0.06,-0.16,148.5752534866333,9,0.5151314170736896
1981-10-01,-0.52,0.11,-0.03,-0.13,-0.71,-0.668,-0.16,-0.13,148.85158014297485,10,-19.036208943316808
1981-11-01,-0.55,-0.1,-0.27,-0.11,0.07,-0.52,-0.27,-0.15,143.3584213256836,11,-16.493573502490392
1981-12-01,-0.17,0.29,0.07,0.1,0.41,-0.404,-0.2,-0.08,208.31619453430176,12,-20.734224206522896
1982-01-01,-0.12,0.2,-0.04,-0.13,0.87,-0.565,-0.43,-0.05,309.480562210083,1,-16.279338152785044
1982-02-01,-0.35,0.01,-0.13,-0.06,-0.03,-0.753,-0.5,0.07,283.7255058288574,2,-84.31298707660875
1982-03-01,-0.72,-0.11,-0.02,0.18,0.05,-0.931,-0.28,0.19,268.30818462371826,3,-131.5823985338211
1982-04-01,-0.51,0.2,0.24,0.37,-0.46,-1.271,-0.37,0.47,300.0802230834961,4,-47.51104681115402
1982-05-01,0.08,0.63,0.65,0.52,-0.74,-1.319,-0.11,0.66,241.27335453033447,5,-25.229738455069707
1982-06-01,0.27,0.89,0.92,0.62,-2.49,-0.955,0.63,0.72,146.59788608551025,6,-38.198260978648534
1982-07-01,0.6,0.62,0.64,0.22,-1.89,-0.406,1.65,0.79,188.8674473762512,7,32.17170921438617
1982-08-01,1.09,1.12,0.93,0.26,-2.66,0.021,1.91,1.07,127.63814878463744,8,-5.625197547046767
1982-09-01,2.01,1.81,1.39,0.38,-2.12,0.871,1.68,1.58,188.5063648223877,9,40.446242752828084
1982-10-01,2.28,2.34,2.0,0.85,-2.2,1.535,1.77,1.97,362.9843692779541,10,195.09658019166244
1982-11-01,3.08,2.69,2.07,0.62,-3.25,1.87,2.13,2.18,364.8971557617188,11,205.04516093354482
1982-12-01,3.2,3.07,2.33,0.66,-2.48,1.913,2.36,2.23,595.1349830627441,12,366.0845643219195
1983-01-01,2.73,2.9,2.43,0.76,-3.36,2.096,2.47,2.18,690.3561782836914,1,364.59627792082335
1983-02-01,2.03,2.44,2.22,0.73,-3.46,2.332,2.66,1.92,560.6436462402344,2,192.6051533347682
1983-03-01,2.34,2.01,1.69,0.52,-3.25,2.673,2.6,1.54,620.6853504180908,3,220.79476726055145
1983-04-01,3.36,1.73,1.12,0.26,-1.41,3.352,2.75,1.29,537.2076988220215,4,189.61642892737137
1983-05-01,4.1,1.96,1.12,0.29,0.79,4.14,2.85,1.06,614.5591773986816,5,348.05608441327746
1983-06-01,4.56,1.74,0.62,0.03,-0.58,4.638,1.96,0.72,548.0181884765625,6,363.2220414124037
1983-07-01,3.93,1.03,-0.11,-0.34,-0.7,4.557,0.63,0.31,400.27905654907227,7,243.58331838720724
1983-08-01,3.11,0.83,-0.13,-0.36,-0.37,4.21,-0.17,-0.08,217.0890316963196,8,83.8256853646354
1983-09-01,2.07,0.18,-0.5,-0.64,0.91,3.64,-0.5,-0.46,201.17164134979248,9,53.11151928023287
1983-10-01,1.02,-0.49,-1.03,-0.86,0.34,2.955,-0.53,-0.81,219.6525769233704,10,51.76478783707873
1983-11-01,0.56,-0.79,-1.13,-0.89,-0.12,2.301,-0.47,-1.0,203.36461544036865,11,43.51262061219467
1983-12-01,0.22,-0.62,-0.95,-0.68,-0.17,1.739,-0.5,-0.91,278.65995597839355,12,49.6095372375689
1984-01-01,-0.29,-0.61,-0.8,-0.7,-0.03,1.335,-0.55,-0.6,235.07795763015747,1,-90.68194273271058
1984-02-01,-0.77,-0.44,-0.53,-0.65,0.43,1.111,-0.56,-0.42,460.9694776535034,2,92.93098474803725
1984-03-01,-0.41,-0.25,-0.48,-0.76,-0.85,0.766,-0.17,-0.34,354.8653230667114,3,-45.02526009082794
1984-04-01,-0.25,-0.43,-0.6,-0.85,0.39,0.514,0.06,-0.43,336.5600395202637,4,-11.031230374386439
1984-05-01,-1.11,-0.77,-0.64,-0.85,-0.03,0.336,-0.46,-0.51,216.5132007598877,5,-49.989892225516485
1984-06-01,-0.92,-1.1,-0.9,-0.78,-1.22,0.139,-0.69,-0.45,203.88301849365237,6,19.086871429493584
1984-07-01,-0.54,-0.59,-0.4,-0.51,0.12,-0.236,-0.35,-0.3,156.48124027252197,7,-0.21449788934305047
1984-08-01,-0.52,-0.5,-0.4,-0.57,0.1,-0.186,-0.19,-0.16,102.34350180625916,8,-30.91984452542505
1984-09-01,-0.36,-0.39,-0.35,-0.34,0.17,0.165,-0.14,-0.24,145.71202754974365,9,-2.348094519815959
1984-10-01,-0.61,-0.86,-0.83,-0.7,-0.61,0.594,-0.19,-0.56,199.40539741516116,10,31.5176083288695
1984-11-01,-0.18,-0.98,-1.18,-0.9,0.12,0.62,-0.58,-0.92,160.5761432647705,11,0.7241484365965221
1984-12-01,-0.5,-1.36,-1.53,-1.11,-0.24,0.72,-0.29,-1.14,272.2864809036255,12,43.236062162800835
1985-01-01,-0.77,-1.01,-0.89,-0.53,-0.55,0.783,-0.26,-1.04,243.86776447296145,1,-81.8921358899066
1985-02-01,-1.13,-1.02,-0.91,-0.6,0.79,0.443,-0.58,-0.85,245.8443717956543,2,-122.19412110981187
1985-03-01,-0.59,-0.94,-0.96,-0.78,0.2,-0.017,-0.6,-0.77,259.09335231781006,3,-140.7972308397293
1985-04-01,-1.38,-0.98,-0.98,-0.84,1.42,-0.175,-0.77,-0.78,234.256010055542,4,-113.33525983910812
1985-05-01,-1.41,-1.11,-0.9,-0.75,-0.15,-0.404,-1.23,-0.78,184.07407426834104,5,-82.42901871706314
1985-06-01,-1.25,-0.85,-0.76,-0.74,-1.39,-0.81,-0.67,-0.63,127.85918712615968,6,-56.936959937999106
1985-07-01,-1.04,-0.9,-0.61,-0.43,-0.2,-1.019,-0.1,-0.49,142.17686367034912,7,-14.518874491515902
1985-08-01,-1.02,-0.79,-0.49,-0.3,0.66,-1.081,-0.49,-0.46,137.0857377052307,8,3.822391373546509
1985-09-01,-0.83,-0.74,-0.57,-0.3,0.0,-1.14,-0.56,-0.4,164.2866325378418,9,16.226510468282186
1985-10-01,-0.82,-0.84,-0.64,-0.28,-0.76,-1.053,-0.08,-0.35,100.878972530365,10,-67.00881655592666
1985-11-01,-0.92,-0.68,-0.43,-0.17,-0.35,-0.798,-0.06,-0.27,107.59329557418825,11,-52.25869925398574
1985-12-01,-0.75,-0.67,-0.4,-0.08,0.12,-0.515,-0.42,-0.36,187.95568180084229,12,-41.09473693998237
1986-01-01,-0.59,-0.82,-0.79,-0.37,0.82,-0.477,-0.4,-0.49,439.10988426208496,1,113.34998389921691
1986-02-01,-0.35,-0.54,-0.64,-0.23,-1.28,-0.409,-0.34,-0.47,261.7446823120117,2,-106.29381059345445
1986-03-01,-0.84,-0.47,-0.51,-0.33,-0.09,-0.43,-0.39,-0.31,277.9125804901123,3,-121.97800266742706
1986-04-01,-0.86,-0.45,-0.41,-0.27,0.11,-0.816,-0.53,-0.2,380.1211166381836,4,32.52984674353348
1986-05-01,-0.82,-0.63,-0.47,-0.22,-0.63,-1.099,-0.26,-0.12,193.29470109939572,5,-73.20839188600846
1986-06-01,-0.9,-0.27,-0.08,0.05,1.01,-1.197,0.02,-0.04,118.26173543930054,6,-66.53441162485825
1986-07-01,-0.14,0.03,0.16,0.15,0.24,-1.454,0.41,0.22,154.76750946044922,7,-1.9282287014158044
1986-08-01,0.17,-0.03,0.24,0.32,-0.85,-1.556,0.97,0.44,150.54582834243774,8,17.28248201075354
1986-09-01,-0.13,0.32,0.59,0.49,-0.53,-1.402,1.29,0.71,156.38517379760742,9,8.32505172804781
1986-10-01,0.14,0.77,0.9,0.56,0.54,-1.248,0.56,0.94,197.89833307266235,10,30.010543986370692
1986-11-01,0.28,0.88,1.04,0.66,-1.57,-1.098,0.64,1.14,176.96152210235596,11,17.10952727418197
1986-12-01,0.53,0.74,0.98,0.58,-1.64,-0.733,1.06,1.22,272.88899326324463,12,43.838574522419975
1987-01-01,0.77,1.04,1.19,0.6,-0.75,-0.569,1.03,1.23,449.593599319458,1,123.83369895658996
1987-02-01,1.02,0.98,1.17,0.8,-1.41,-0.174,1.16,1.19,605.4698791503906,2,237.43138624492445
1987-03-01,1.15,1.05,1.24,0.86,-2.03,-0.01,1.57,1.06,498.1405448913574,3,98.24996173381805
1987-04-01,1.51,0.95,0.89,0.52,-2.69,-0.12,1.75,0.95,409.663782119751,4,62.072512225100866
1987-05-01,1.35,1.07,0.91,0.56,-2.12,-0.199,1.97,0.97,231.86879587173465,5,-34.63429711366953
1987-06-01,1.06,1.12,1.24,0.76,-2.69,-0.286,2.07,1.22,153.4537124633789,6,-31.34243460077988
1987-07-01,1.19,1.34,1.34,0.68,-1.82,-0.594,1.88,1.51,153.05064487457275,7,-3.6450932872922692
1987-08-01,0.91,1.43,1.48,0.71,-1.67,-0.736,1.46,1.7,144.48259687423706,8,11.219250542552857
1987-09-01,1.31,1.63,1.53,0.83,-1.13,-0.788,1.26,1.65,151.6400384902954,9,3.579916420735799
1987-10-01,1.5,1.23,1.36,0.94,-0.69,-0.821,1.18,1.48,182.1999740600586,10,14.312184973766932
1987-11-01,0.9,1.16,1.29,1.01,-0.07,-0.91,0.91,1.25,154.8885154724121,11,-4.963479355761876
1987-12-01,0.89,1.07,1.05,0.94,-0.66,-0.976,0.79,1.11,222.0401430130005,12,-7.010275727824165
1988-01-01,0.09,0.51,0.69,0.67,-0.31,-1.223,0.63,0.81,363.8188695907593,1,38.058969227891225
1988-02-01,-0.27,0.09,0.35,0.44,-0.65,-1.148,0.33,0.54,333.4761600494385,2,-34.562332856027695
1988-03-01,-0.52,0.1,0.29,0.31,0.13,-1.086,0.17,0.14,220.58837795257568,3,-179.30220520496368
1988-04-01,-0.9,-0.75,-0.49,-0.26,-0.03,-1.134,-0.01,-0.31,343.69025230407715,4,-3.9010175905729625
1988-05-01,-1.08,-1.3,-1.05,-0.58,1.09,-1.066,-0.39,-0.88,288.40282917022705,5,21.89973618482287
1988-06-01,-1.96,-1.85,-1.46,-0.77,-0.2,-0.921,-1.18,-1.3,124.40390110015868,6,-60.39224596400011
1988-07-01,-1.54,-1.77,-1.54,-0.92,1.17,-0.856,-1.77,-1.3,120.55457091331482,7,-36.141167248550204
1988-08-01,-1.59,-1.56,-1.44,-0.89,1.36,-0.49,-1.81,-1.11,115.04408097267152,8,-18.21926535901268
1988-09-01,-1.43,-1.4,-1.33,-1.03,1.92,0.341,-1.81,-1.19,126.3946008682251,9,-21.665521201334514
1988-10-01,-1.26,-1.86,-2.09,-1.58,1.35,0.939,-1.6,-1.48,141.58149099349976,10,-26.306298092791906
1988-11-01,-0.65,-1.84,-2.18,-1.65,1.92,1.711,-1.71,-1.8,181.13370895385745,11,21.281714125683465
1988-12-01,-0.97,-1.76,-1.98,-1.59,1.09,2.441,-1.55,-1.85,185.0911169052124,12,-43.95930183561225
1989-01-01,-0.28,-1.39,-1.95,-1.61,1.31,2.535,-1.12,-1.69,359.32287979125977,1,33.562979428391714
1989-02-01,0.05,-0.79,-1.37,-1.36,0.8,2.291,-1.1,-1.43,460.0360565185547,2,91.99756361308852
1989-03-01,-0.45,-1.04,-1.33,-1.25,0.59,1.817,-1.24,-1.08,332.99693298339844,3,-66.89365017414093
1989-04-01,-0.49,-0.88,-1.11,-0.97,2.18,1.242,-1.09,-0.83,305.08398056030273,4,-42.50728933434738
1989-05-01,-1.16,-0.78,-0.8,-0.74,1.45,0.594,-1.03,-0.58,223.75790929794312,5,-42.745183687461065
1989-06-01,-0.73,-0.42,-0.64,-0.84,0.81,0.233,-1.0,-0.4,175.59669971466064,6,-9.199447349498143
1989-07-01,-0.44,-0.27,-0.47,-0.58,0.95,-0.139,-1.08,-0.31,121.91575217247008,7,-34.779985989394945
1989-08-01,-0.46,-0.51,-0.58,-0.61,-0.82,-0.082,-0.66,-0.27,123.2476577758789,8,-10.015688555805298
1989-09-01,-0.47,-0.32,-0.38,-0.38,0.52,-0.134,-0.53,-0.24,141.9188690185547,9,-6.141253051004924
1989-10-01,-0.29,-0.36,-0.4,-0.38,0.61,-0.264,-0.49,-0.22,224.64485597610476,10,56.7570668898131
1989-11-01,-0.38,-0.34,-0.3,-0.27,-0.38,-0.481,-0.36,-0.16,107.37733840942384,11,-52.47465641875014
1989-12-01,-0.43,-0.36,-0.13,0.1,-0.62,-0.586,-0.07,-0.05,123.82942366600037,12,-105.22099507482429
1990-01-01,-0.33,-0.27,0.02,0.23,-0.21,-0.95,0.13,0.14,233.2671537399292,1,-92.49274662293885
1990-02-01,-0.27,0.14,0.36,0.43,-1.79,-1.169,0.45,0.21,313.0958442687988,2,-54.94264863666734
1990-03-01,-0.41,-0.12,0.2,0.44,-1.09,-1.237,0.61,0.28,309.6683225631714,3,-90.22226059436798
1990-04-01,-0.33,0.14,0.26,0.29,-0.01,-1.228,0.17,0.29,314.33226585388184,4,-33.259004040768275
1990-05-01,-0.23,0.24,0.32,0.24,1.41,-1.502,0.08,0.29,230.0670828819275,5,-36.43601010347669
1990-06-01,-0.05,0.01,0.0,0.1,-0.07,-1.601,0.04,0.31,194.0098571777344,6,9.213710113575615
1990-07-01,-0.87,-0.08,0.15,0.27,0.57,-1.7,0.13,0.33,138.63321590423584,7,-18.062522257629183
1990-08-01,-0.61,-0.0,0.17,0.35,-0.71,-1.934,0.02,0.38,92.21510791778564,8,-41.04823841389856
1990-09-01,-0.28,0.11,0.12,0.26,-0.78,-2.083,0.23,0.39,105.83733558654784,9,-42.222786483011774
1990-10-01,-0.73,-0.06,0.13,0.42,-0.17,-1.968,-0.06,0.35,130.0880947113037,10,-37.79969437498795
1990-11-01,-0.55,-0.12,0.08,0.37,-0.68,-1.851,0.12,0.4,123.17420482635498,11,-36.677790001819005
1990-12-01,-0.44,-0.03,0.32,0.64,-0.38,-1.754,0.31,0.41,198.66618156433103,12,-30.384237176493627
1991-01-01,-0.09,0.18,0.51,0.66,0.45,-1.537,0.19,0.41,230.21578931808472,1,-95.54411104478334
1991-02-01,-0.1,0.03,0.32,0.6,-0.06,-1.643,0.09,0.26,360.4924430847168,2,-7.546049820749374
1991-03-01,0.0,0.0,0.1,0.43,-1.35,-1.554,0.21,0.22,336.9570178985596,3,-62.93356525897974
1991-04-01,-0.68,-0.09,0.21,0.55,-1.55,-1.553,0.2,0.26,314.327974319458,4,-33.2632955751921
1991-05-01,-0.01,0.37,0.44,0.56,-1.74,-1.503,0.36,0.45,250.237455368042,5,-16.265637617362188
1991-06-01,0.24,0.68,0.65,0.58,-0.79,-1.624,0.97,0.64,176.34893417358398,6,-8.447212890574804
1991-07-01,0.6,0.74,0.62,0.5,-0.07,-1.418,0.91,0.73,152.51438522338867,7,-4.181352938476351
1991-08-01,0.0,0.29,0.43,0.51,-1.07,-1.391,0.37,0.64,119.56191110610962,8,-13.701435225574585
1991-09-01,0.16,0.1,0.22,0.31,-1.64,-1.237,0.53,0.62,129.31759357452393,9,-18.742528495035685
1991-10-01,0.42,0.64,0.91,0.72,-1.55,-1.258,0.97,0.79,186.5879521369934,10,18.700163050701747
1991-11-01,0.64,1.03,1.14,0.7,-0.77,-1.114,1.04,1.21,191.8444347381592,11,31.992439909985222
1991-12-01,0.45,1.32,1.62,0.82,-2.02,-1.093,1.23,1.53,245.80635833740237,12,16.75593959657772
1992-01-01,0.36,1.39,1.61,0.65,-2.85,-1.002,1.68,1.71,340.6116781234741,1,14.851777760606069
1992-02-01,0.44,1.21,1.62,0.88,-1.05,-0.732,1.59,1.63,377.73328590393066,2,9.694792998464493
1992-03-01,0.92,1.19,1.5,0.86,-2.85,-0.381,1.72,1.48,684.8652153015137,3,284.9746321439743
1992-04-01,1.72,1.32,1.41,0.76,-2.06,-0.294,1.98,1.29,569.234447479248,4,221.64317758459794
1992-05-01,1.83,1.38,1.27,0.72,0.06,-0.392,1.68,1.06,412.7190742492676,5,146.2159812638634
1992-06-01,0.71,0.45,0.53,0.38,-1.82,-0.48,1.51,0.73,196.2324571609497,6,11.436310096790919
1992-07-01,-0.05,-0.01,0.27,0.38,-0.63,-0.912,0.61,0.37,138.29671955108645,7,-18.39901861077857
1992-08-01,-0.24,-0.35,-0.15,0.15,-0.01,-1.192,-0.02,0.09,107.22402930259705,8,-26.039317029087158
1992-09-01,-0.5,-0.35,-0.14,0.11,0.06,-1.226,0.4,-0.13,142.4387168884277,9,-5.621405181131905
1992-10-01,-0.26,-0.34,-0.35,0.02,-2.03,-1.098,0.67,-0.25,138.5652780532837,10,-29.32251103300797
1992-11-01,-0.25,-0.29,-0.14,0.11,-0.84,-1.054,0.62,-0.28,118.8699746131897,11,-40.98202021498429
1992-12-01,-0.31,-0.26,0.04,0.29,-0.71,-0.831,0.73,-0.13,155.9989790916443,12,-73.05143964918037
1993-01-01,0.03,-0.06,0.28,0.47,-0.93,-0.746,0.79,0.09,291.8824710845947,1,-33.877429278273326
1993-02-01,0.2,0.24,0.42,0.47,-0.96,-0.63,0.9,0.3,500.1159057617188,2,132.07741285625264
1993-03-01,0.53,0.36,0.47,0.37,-1.13,-0.404,0.77,0.5,451.8300495147705,3,51.93946635723114
1993-04-01,0.83,0.92,0.92,0.52,-2.29,-0.273,0.99,0.67,394.4505786895752,4,46.859308794925084
1993-05-01,1.13,1.05,0.93,0.52,-0.59,-0.383,1.48,0.7,288.26967334747314,5,21.766580362068964
1993-06-01,0.88,0.63,0.64,0.41,-2.18,-0.529,1.52,0.57,179.08464431762695,6,-5.711502746531835
1993-07-01,0.32,0.13,0.33,0.38,-1.06,-0.784,0.9,0.32,163.0403175354004,7,6.3445793735353675
1993-08-01,0.21,0.01,0.16,0.31,-1.73,-0.935,0.6,0.25,111.00523042678832,8,-22.258115904895888
1993-09-01,0.12,0.09,0.26,0.38,-0.78,-1.137,0.61,0.15,163.19801330566406,9,15.137891236104451
1993-10-01,0.32,0.21,0.36,0.32,-1.57,-1.135,0.96,0.1,162.6609091758728,10,-5.226879910418859
1993-11-01,-0.23,0.11,0.28,0.43,-0.13,-1.046,0.71,0.04,141.04113578796387,11,-18.81085904021012
1993-12-01,-0.29,-0.0,0.19,0.37,0.07,-0.826,0.27,0.06,227.2059326171875,12,-1.8444861236371537
1994-01-01,-0.07,-0.04,0.04,0.19,-0.25,-1.097,-0.01,0.06,408.19139194488525,1,82.4314915820172
1994-02-01,-0.33,-0.29,-0.16,0.03,-0.06,-1.277,-0.21,0.07,378.46599197387695,2,10.427499068410782
1994-03-01,-1.13,-0.36,-0.06,0.11,-1.35,-1.463,-0.22,0.17,371.1950931549072,3,-28.69549000263214
1994-04-01,-1.22,-0.43,0.03,0.25,-2.63,-1.8,0.02,0.31,363.8347434997559,4,16.243473605105805
1994-05-01,-0.91,-0.21,0.14,0.27,-1.26,-2.347,-0.02,0.42,276.37046813964844,5,9.867375154244257
1994-06-01,-0.59,-0.02,0.27,0.37,-1.46,-2.666,0.26,0.41,170.6144142150879,6,-14.181732849070897
1994-07-01,-0.82,-0.38,0.16,0.59,-1.7,-2.618,0.96,0.44,119.09252500534058,7,-37.60321315652445
1994-08-01,-0.9,-0.19,0.52,0.79,-2.03,-2.445,0.88,0.43,109.9455714225769,8,-23.3177749091073
1994-09-01,-0.05,0.01,0.4,0.58,-1.7,-2.277,1.1,0.55,123.13845634460448,9,-24.921665724955133
1994-10-01,0.65,0.62,0.9,0.79,-1.58,-1.857,1.52,0.74,141.5964059829712,10,-26.29138310332047
1994-11-01,0.59,0.85,1.14,0.94,-0.81,-1.313,1.01,1.01,165.3488302230835,11,5.49683539490951
1994-12-01,0.68,0.94,1.21,0.91,-1.41,-1.182,0.92,1.09,313.31541442871094,12,84.26499568788628
1995-01-01,0.91,0.84,1.1,0.91,-0.51,-1.499,0.83,0.96,393.6067199707031,1,67.84681960783507
1995-02-01,0.24,0.58,0.87,0.9,-0.35,-1.744,0.54,0.72,309.3401641845703,2,-58.69832872089586
1995-03-01,-0.57,0.06,0.49,0.82,0.24,-2.076,0.18,0.53,258.4729537963867,3,-141.41762936115265
1995-04-01,-0.99,-0.23,0.27,0.55,-1.72,-2.374,0.14,0.3,316.9412899017334,4,-30.649979992916712
1995-05-01,-1.01,-0.53,0.03,0.49,-0.91,-2.405,0.14,0.14,305.93079471588135,5,39.42770173047717
1995-06-01,-0.53,-0.23,0.08,0.43,-0.31,-2.145,0.02,-0.03,208.2361364364624,6,23.439989372303614
1995-07-01,-0.25,-0.1,0.03,0.25,0.44,-1.806,-0.28,-0.24,230.2787160873413,7,73.58297792547629
1995-08-01,-0.52,-0.58,-0.38,0.04,-0.11,-1.333,-0.71,-0.54,146.98640823364258,8,13.723061901958374
1995-09-01,-0.28,-0.7,-0.57,-0.09,0.28,-0.849,-0.94,-0.81,175.89303016662598,9,27.832908097066365
1995-10-01,-0.41,-0.73,-0.72,-0.28,-0.34,-0.595,-0.74,-0.97,220.11010789871216,10,52.2223188124205
1995-11-01,-0.26,-0.75,-0.78,-0.3,-0.02,-0.335,-0.77,-1.0,233.01515579223636,11,73.16316096406237
1995-12-01,-0.69,-0.74,-0.72,-0.24,-0.72,-0.059,-0.9,-0.98,205.091423034668,12,-23.958995706156657
1996-01-01,-0.61,-0.58,-0.65,-0.35,0.82,0.021,-0.85,-0.9,336.0134563446045,1,10.25355598173644
1996-02-01,-0.32,-0.53,-0.66,-0.31,-0.02,-0.294,-0.8,-0.75,363.9557857513428,2,-4.082707154123398
1996-03-01,-0.07,-0.29,-0.48,-0.2,0.53,-0.398,-0.66,-0.59,356.09130859375,3,-43.79927456378937
1996-04-01,-1.28,-0.55,-0.34,-0.18,0.91,-0.779,-0.76,-0.39,263.937349319458,4,-83.6539205751921
1996-05-01,-0.81,-0.53,-0.4,-0.22,0.46,-1.188,-0.85,-0.31,236.1599817276001,5,-30.343111257804082
1996-06-01,-1.07,-0.34,-0.12,-0.04,1.6,-1.344,-0.91,-0.3,184.4845390319824,6,-0.31160803217639454
1996-07-01,-0.98,-0.26,-0.14,-0.18,0.7,-1.233,-0.83,-0.27,143.75329971313477,7,-12.942438448730258
1996-08-01,-0.46,-0.28,-0.3,-0.28,0.33,-1.266,-0.64,-0.32,118.30932545661926,8,-14.954020875064941
1996-09-01,-0.53,-0.33,-0.34,-0.26,0.66,-1.073,-0.32,-0.35,111.91315412521362,9,-36.14696794434599
1996-10-01,-0.8,-0.39,-0.28,-0.19,0.26,-1.019,-0.37,-0.4,140.10489225387573,10,-27.78289683241593
1996-11-01,-0.79,-0.49,-0.3,-0.08,-0.21,-1.1,-0.34,-0.45,90.36834955215454,11,-69.48364527601944
1996-12-01,-1.03,-0.8,-0.43,0.03,0.71,-0.97,-0.47,-0.49,169.13451719284058,12,-59.91590154798408
1997-01-01,-0.56,-0.7,-0.43,0.1,0.29,-0.68,-0.65,-0.5,274.7923173904419,1,-50.96758297242616
1997-02-01,-0.03,-0.39,-0.24,0.19,1.21,-0.464,-0.71,-0.36,382.3256530761719,2,14.287160170705704
1997-03-01,0.82,0.06,-0.06,0.2,-1.09,0.051,-0.3,-0.1,403.0845527648926,3,3.1939696073532104
1997-04-01,0.98,0.28,0.34,0.53,-1.55,0.742,0.15,0.28,388.1303215026856,4,40.53905160803549
1997-05-01,2.16,1.07,0.87,0.67,-2.41,1.314,0.71,0.75,391.4193162918091,5,124.9162233064049
1997-06-01,3.17,1.68,1.15,0.53,-3.02,1.83,2.34,1.22,271.2569332122803,6,86.46078614812149
1997-07-01,3.63,2.27,1.6,0.71,-0.91,2.386,2.27,1.6,343.77814960479736,7,187.08241144293234
1997-08-01,3.98,2.75,1.94,0.76,-2.31,2.785,2.27,1.9,349.0716552734375,8,215.8083089417533
1997-09-01,4.05,2.85,2.1,0.86,-1.55,2.961,2.2,2.14,359.1720485687256,9,211.11192649916597
1997-10-01,4.0,3.11,2.29,0.83,-1.69,3.262,2.06,2.33,364.92928981781006,10,197.0415007315184
1997-11-01,4.12,3.22,2.42,0.94,-1.31,3.195,2.14,2.4,475.1608085632324,11,315.30881373505844
1997-12-01,4.27,3.24,2.3,0.78,-1.12,3.08,2.11,2.39,741.8157596588135,12,512.7653409179889
1998-01-01,3.55,3.03,2.42,0.91,-2.53,2.942,2.29,2.24,675.2253131866455,1,349.46541282377746
1998-02-01,2.88,2.5,2.08,0.85,-1.97,2.958,2.45,1.93,683.1789474487305,2,315.1404545432643
1998-03-01,2.88,2.03,1.49,0.51,-3.31,2.815,2.28,1.44,751.1371402740479,3,351.2465571165085
1998-04-01,3.0,1.51,0.9,0.23,-2.8,2.788,2.61,0.99,635.716438293457,4,288.1251683988069
1998-05-01,3.01,1.25,0.68,0.19,0.17,2.745,2.32,0.45,508.8715915679932,5,242.36849858258904
1998-06-01,2.0,0.09,-0.39,-0.27,1.05,2.636,0.41,-0.13,372.3855113983154,6,187.58936433415658
1998-07-01,1.31,-0.17,-0.73,-0.45,1.49,2.193,-1.54,-0.78,329.8842086791992,7,173.1884705173342
1998-08-01,0.94,-0.27,-0.83,-0.64,0.83,1.922,-1.82,-1.12,216.5371918678284,8,83.2738455361442
1998-09-01,0.31,-0.46,-0.82,-0.7,1.04,1.789,-1.4,-1.31,200.50934314727783,9,52.44922107771822
1998-10-01,0.12,-0.74,-1.19,-1.02,1.01,1.904,-1.29,-1.35,142.63031482696533,10,-25.25747425932633
1998-11-01,-0.21,-0.71,-1.23,-1.1,1.01,2.073,-1.34,-1.48,192.47340202331543,11,32.621407195141444
1998-12-01,-0.14,-1.0,-1.51,-1.24,1.32,2.508,-1.29,-1.57,156.383930683136,12,-72.66648805768867
1999-01-01,-0.23,-0.97,-1.53,-1.5,1.58,2.577,-1.28,-1.55,274.97655963897705,1,-50.783340723891
1999-02-01,0.05,-0.77,-1.41,-1.43,0.58,2.338,-1.2,-1.3,486.30517578125,2,118.26668287578383
1999-03-01,0.3,-0.37,-0.92,-1.02,0.78,2.029,-1.15,-1.07,395.4327640533447,3,-4.457819104194641
1999-04-01,-0.78,-0.63,-0.81,-0.88,2.1,1.512,-1.17,-0.98,367.6615333557129,4,20.07026346106278
1999-05-01,-0.43,-0.59,-0.87,-0.84,0.44,0.883,-1.34,-1.02,339.32898902893066,5,72.82589604352648
1999-06-01,-0.55,-0.69,-0.95,-0.78,0.0,0.539,-1.26,-1.04,235.8931016921997,6,51.09695462804092
1999-07-01,-0.65,-0.64,-0.84,-0.82,0.52,0.313,-1.17,-1.1,195.53447723388672,7,38.838739072021696
1999-08-01,-0.51,-0.74,-0.98,-0.92,-0.03,0.2,-1.03,-1.11,133.1838936805725,8,-0.0794526511116942
1999-09-01,-0.97,-0.94,-0.84,-0.76,-0.07,0.269,-1.15,-1.16,248.99105072021484,9,100.93092865065523
1999-10-01,-0.76,-1.16,-1.03,-0.84,0.95,0.484,-1.33,-1.26,206.9919238090515,10,39.10413472275985
1999-11-01,-1.11,-1.42,-1.41,-1.05,1.22,0.682,-1.33,-1.46,181.91009044647217,11,22.058095618298182
1999-12-01,-1.06,-1.46,-1.54,-1.2,1.37,1.276,-1.43,-1.65,251.9730930328369,12,22.92267429201226
2000-01-01,-0.89,-1.71,-1.79,-1.35,,1.57,-1.25,-1.66,228.73376560211184,1,-97.02613476075621
2000-02-01,-0.47,-1.15,-1.53,-1.38,1.24,2.016,-1.26,-1.41,340.96442127227783,2,-27.07407163318834
2000-03-01,-0.56,-0.82,-1.26,-1.34,0.88,2.037,-1.37,-1.07,376.25191020965576,3,-23.638672947883606
2000-04-01,0.46,-0.3,-0.8,-1.1,1.76,1.683,-0.9,-0.81,352.5882911682129,4,4.99702127356278
2000-05-01,-0.29,-0.5,-0.8,-0.92,0.42,1.131,-0.94,-0.71,306.74678802490234,5,40.243695039498164
2000-06-01,-0.65,-0.75,-0.75,-0.67,-0.87,0.648,-1.18,-0.64,234.67241764068604,6,49.87627057652725
2000-07-01,-0.57,-0.58,-0.57,-0.58,-0.34,0.012,-0.61,-0.55,178.95959281921387,7,22.263854657348844
2000-08-01,-0.59,-0.38,-0.36,-0.44,0.48,-0.251,-0.08,-0.51,175.99301767349243,8,42.72967134180823
2000-09-01,-0.34,-0.31,-0.39,-0.4,0.97,-0.224,-0.36,-0.55,199.84581470489505,9,51.78569263533544
2000-10-01,-0.49,-0.48,-0.55,-0.48,0.87,0.036,-0.52,-0.63,211.2022523880005,10,43.31446330170883
2000-11-01,-0.7,-0.72,-0.75,-0.52,2.02,0.269,-0.86,-0.75,132.62796878814697,11,-27.224026040027013
2000-12-01,-0.55,-0.72,-0.92,-0.8,0.77,0.618,-0.79,-0.74,270.275691986084,12,41.22527324525933
2001-01-01,-0.76,-0.71,-0.88,-0.82,0.78,0.921,-0.84,-0.68,477.0622501373291,1,151.30234977446105
2001-02-01,-0.33,-0.4,-0.63,-0.77,1.0,1.144,-0.86,-0.52,389.0623359680176,2,21.023843062551407
2001-03-01,0.35,-0.1,-0.48,-0.61,0.46,0.812,-0.78,-0.44,500.2995376586914,3,100.40895450115204
2001-04-01,0.42,-0.03,-0.3,-0.33,-0.18,0.329,-0.55,-0.34,375.5324935913086,4,27.941223696658483
2001-05-01,-0.64,-0.31,-0.3,-0.23,-0.84,-0.35,-0.52,-0.25,306.35533237457275,5,39.852239389168574
2001-06-01,-0.86,-0.24,-0.11,-0.05,-0.19,-1.087,-0.73,-0.12,183.3491563796997,6,-1.446990684459081
2001-07-01,-0.7,-0.17,0.01,0.17,-0.27,-1.91,0.03,-0.08,177.8179531097412,7,21.122214947876188
2001-08-01,-0.77,-0.28,-0.07,0.21,-1.01,-2.232,0.38,-0.13,109.03087162971497,8,-24.232474701969238
2001-09-01,-1.2,-0.67,-0.28,0.29,0.11,-2.239,-0.06,-0.19,172.98906326293945,9,24.928941193379842
2001-10-01,-1.14,-0.53,-0.26,0.16,-0.38,-2.123,-0.23,-0.29,114.02162075042725,10,-53.866168335864415
2001-11-01,-0.94,-0.59,-0.28,0.16,0.64,-2.084,-0.28,-0.35,174.36045169830322,11,14.508456870129237
2001-12-01,-1.12,-0.64,-0.46,0.01,-1.06,-1.637,0.06,-0.31,235.41117238998413,12,6.360753649159477
2002-01-01,-0.94,-0.49,-0.14,0.27,0.2,-1.186,0.09,-0.15,304.7808475494385,1,-20.979052813429576
2002-02-01,-0.3,-0.2,0.0,0.25,0.64,-0.929,-0.26,0.03,449.5805435180664,2,81.54205061260024
2002-03-01,0.62,0.2,0.11,0.26,-0.81,-0.803,-0.2,0.09,521.4532794952393,3,121.56269633769989
2002-04-01,0.33,0.06,0.14,0.37,-0.48,-0.918,-0.36,0.2,437.0073795318604,4,89.4161096372103
2002-05-01,0.18,0.15,0.21,0.37,-1.54,-1.28,-0.14,0.43,273.7789258956909,5,7.275832910286738
2002-06-01,-0.4,0.42,0.68,0.59,-1.02,-1.757,0.34,0.65,165.7917881011963,6,-19.0043589629625
2002-07-01,-0.44,0.27,0.57,0.59,-0.7,-2.067,0.43,0.79,156.74032354354858,7,0.044585381683560854
2002-08-01,-0.26,0.34,0.7,0.62,-1.62,-2.169,1.01,0.86,118.17124724388124,8,-15.092099087802964
2002-09-01,0.04,0.51,0.82,0.62,-0.66,-1.903,0.88,1.01,138.60694885253906,9,-9.453173217020549
2002-10-01,0.57,0.93,1.16,0.8,-0.79,-1.552,0.84,1.21,250.1150608062744,10,82.22727171998275
2002-11-01,0.78,1.24,1.41,0.95,-0.6,-1.383,0.84,1.31,261.2680721282959,11,101.41607730012191
2002-12-01,0.69,1.25,1.41,0.84,-1.3,-1.289,0.91,1.14,364.66782665252686,12,135.6174079117022
2003-01-01,0.1,0.71,0.98,0.71,-0.3,-1.484,0.82,0.92,346.20785903930664,1,20.44795867643859
2003-02-01,-0.21,0.28,0.64,0.69,-0.9,-1.7,0.63,0.63,333.767692565918,2,-34.270800339548146
2003-03-01,-0.49,0.1,0.48,0.65,-0.91,-1.983,0.53,0.38,367.2725839614868,3,-32.61799919605255
2003-04-01,-0.9,-0.42,-0.03,0.42,-0.48,-2.153,-0.11,-0.04,316.30167961120605,4,-31.289590283444056
2003-05-01,-1.35,-0.89,-0.52,0.09,-0.85,-2.241,-0.61,-0.26,269.60125064849854,5,3.098157663094355
2003-06-01,-0.91,-0.5,-0.19,0.19,-1.75,-1.986,-0.1,-0.16,202.35443115234372,6,17.558284088184934
2003-07-01,-0.58,0.01,0.14,0.25,0.26,-1.917,0.01,0.08,136.06386137008667,7,-20.631876791778353
2003-08-01,0.08,0.07,0.05,0.22,-0.35,-1.769,0.05,0.21,159.53851747512817,8,26.27517114344397
2003-09-01,-0.43,0.02,0.15,0.26,-0.18,-1.499,0.18,0.26,152.12854385375977,9,4.068421784200154
2003-10-01,-0.07,0.39,0.46,0.49,-0.26,-1.169,0.28,0.29,199.2704529762268,10,31.382663889935145
2003-11-01,0.29,0.35,0.39,0.55,-0.32,-1.168,0.3,0.35,194.5270156860352,11,34.67502085786123
2003-12-01,0.31,0.53,0.32,0.41,0.92,-0.94,0.14,0.35,265.493257522583,12,36.442838781758354
2004-01-01,-0.03,0.43,0.26,0.4,-1.31,-0.809,0.19,0.37,204.65055131912231,1,-121.10934904374574
2004-02-01,-0.2,0.14,0.17,0.32,0.77,-0.86,-0.04,0.31,389.7716865539551,2,21.733193648488907
2004-03-01,-0.34,-0.06,-0.1,0.08,-0.11,-1.21,-0.43,0.23,340.6040210723877,3,-59.28656208515167
2004-04-01,-0.45,-0.04,0.06,0.23,-1.91,-1.466,-0.23,0.17,292.45848655700684,4,-55.132783337643275
2004-05-01,-0.96,-0.32,0.1,0.29,1.22,-1.85,-0.46,0.17,296.00908946990967,5,29.505996484505488
2004-06-01,-0.69,-0.19,0.14,0.3,-1.91,-2.169,-0.38,0.28,148.2145357131958,6,-36.58161135096299
2004-07-01,-0.7,-0.03,0.41,0.49,-0.72,-2.41,0.46,0.47,143.90809631347656,7,-12.78764184838846
2004-08-01,-0.44,0.25,0.66,0.55,-0.9,-2.342,0.76,0.64,93.1141905784607,8,-40.14915575322351
2004-09-01,-0.1,0.33,0.67,0.72,-0.31,-2.137,0.58,0.7,172.45246410369873,9,24.39234203413912
2004-10-01,0.11,0.47,0.73,0.75,-0.42,-1.832,0.4,0.67,166.85919046401978,10,-1.0285986222718861
2004-11-01,0.39,0.49,0.62,0.73,-1.06,-1.708,0.56,0.66,188.0726623535156,11,28.22066752534161
2004-12-01,0.27,0.54,0.71,0.75,-0.94,-1.606,0.48,0.69,213.25104570388797,12,-15.799373036936686
2005-01-01,0.03,0.28,0.56,0.82,0.2,-1.816,0.09,0.64,226.936487197876,1,-98.82341316499205
2005-02-01,-0.61,-0.11,0.26,0.6,-2.99,-1.851,0.61,0.58,268.95558166503906,2,-99.08291124042711
2005-03-01,-1.15,-0.16,0.28,0.51,-0.26,-1.721,0.83,0.45,370.4230909347534,3,-29.46749222278595
2005-04-01,-0.36,0.14,0.28,0.37,-1.22,-1.641,0.14,0.43,400.0715160369873,4,52.480246142337194
2005-05-01,0.22,0.25,0.3,0.28,-1.46,-1.458,0.19,0.29,156.45430755615234,5,-110.04878542925184
2005-06-01,-0.15,0.18,0.22,0.24,0.11,-1.143,0.21,0.11,141.8857383728027,6,-42.91040869135608
2005-07-01,-0.06,0.12,-0.01,0.1,0.06,-1.22,-0.0,-0.06,102.67655396461488,7,-54.01918419725014
2005-08-01,-0.3,0.09,-0.04,0.1,-0.97,-1.501,0.02,-0.14,116.97251224517822,8,-16.29083408650598
2005-09-01,-0.61,-0.25,-0.08,0.1,0.34,-1.618,-0.02,-0.11,116.67155027389526,9,-31.388571795664348
2005-10-01,-1.05,-0.43,-0.15,0.09,1.12,-1.609,-0.66,-0.29,151.82479238510132,10,-16.062996701190343
2005-11-01,-1.41,-0.92,-0.44,-0.04,-0.42,-1.324,-0.7,-0.57,129.60737228393555,11,-30.24462254423844
2005-12-01,-1.19,-1.27,-0.75,-0.25,0.01,-0.555,-0.7,-0.84,237.53170251846316,12,8.48128377763851
2006-01-01,-0.69,-0.9,-0.98,-0.54,1.29,-0.077,-0.64,-0.85,259.00312328338623,1,-66.75677707948182
2006-02-01,0.33,-0.4,-0.71,-0.66,-0.12,0.151,-0.49,-0.77,463.9451446533203,2,95.90665174785414
2006-03-01,-0.27,-0.58,-0.73,-0.48,1.32,0.196,-0.62,-0.57,404.3748397827149,3,4.484256625175533
2006-04-01,-0.89,-0.26,-0.3,-0.22,1.17,-0.098,-0.84,-0.37,260.4361152648926,4,-87.15515462975753
2006-05-01,-0.39,-0.14,-0.11,-0.0,-0.96,-0.692,-0.42,-0.14,177.444664478302,5,-89.05842850710218
2006-06-01,-0.19,-0.02,0.09,0.16,-0.98,-0.967,-0.17,-0.03,191.1980438232422,6,6.4018967590833995
2006-07-01,0.18,-0.01,0.03,0.21,-0.9,-0.99,0.22,0.1,138.97256517410278,7,-17.72317298776224
2006-08-01,0.51,0.36,0.37,0.45,-1.75,-0.869,0.59,0.3,151.84969997406006,8,18.586353642375855
2006-09-01,0.78,0.71,0.62,0.57,-0.6,-0.729,0.65,0.54,224.14302349090576,9,76.08290142134615
2006-10-01,1.2,0.85,0.76,0.66,-1.52,-0.715,0.77,0.77,160.39709758758545,10,-7.490691498706212
2006-11-01,0.91,0.93,0.98,0.76,0.05,-0.626,1.0,0.94,254.24577713012692,11,94.39378230195294
2006-12-01,0.62,1.06,1.1,0.82,-0.39,-0.531,0.64,0.94,312.4476547241211,12,83.39723598329644
2007-01-01,0.57,0.63,0.59,0.53,-0.83,-0.783,0.64,0.66,347.278338432312,1,21.51843806944396
2007-02-01,0.06,-0.0,0.12,0.35,-0.38,-1.016,0.4,0.22,253.40312957763672,2,-114.63536332782945
2007-03-01,-0.65,-0.36,-0.15,0.15,-0.3,-1.261,-0.19,-0.12,403.7885875701904,3,3.898004412651005
2007-04-01,-1.05,-0.45,-0.16,0.1,-0.35,-1.697,-0.32,-0.32,341.3925075531006,4,-6.198762341549525
2007-05-01,-1.47,-0.76,-0.39,-0.05,-0.3,-1.95,-0.41,-0.38,268.7197732925415,5,2.216680307137324
2007-06-01,-1.4,-0.51,-0.16,0.04,0.14,-2.087,-0.83,-0.47,194.0914249420166,6,9.295277877857814
2007-07-01,-0.94,-0.63,-0.37,-0.1,-0.44,-2.006,-0.76,-0.56,109.56146240234376,7,-47.13427575952126
2007-08-01,-1.36,-0.96,-0.57,-0.17,0.01,-1.763,-0.91,-0.81,126.49746990203856,8,-6.765876429645644
2007-09-01,-1.34,-1.29,-1.04,-0.56,0.12,-1.315,-1.06,-1.07,124.09245014190674,9,-23.967671927652873
2007-10-01,-1.65,-1.48,-1.41,-0.77,0.44,-0.916,-1.13,-1.34,144.29023933410645,10,-23.597549752185216
2007-11-01,-1.95,-1.71,-1.58,-1.11,0.82,-0.132,-1.12,-1.5,189.15299892425537,11,29.301004096081385
2007-12-01,-1.63,-1.67,-1.61,-1.08,1.49,0.76,-1.19,-1.6,162.167546749115,12,-66.88287199170966
2008-01-01,-0.8,-1.6,-1.79,-1.38,1.54,1.509,-1.07,-1.64,352.02003383636475,1,26.260133473496694
2008-02-01,-0.16,-1.25,-1.7,-1.45,2.05,2.104,-1.27,-1.52,472.7414073944092,2,104.70291448894301
2008-03-01,0.33,-0.73,-1.17,-1.23,1.04,2.289,-1.52,-1.29,435.1067543029785,3,35.21617114543915
2008-04-01,0.5,-0.47,-0.89,-0.95,0.56,2.138,-1.1,-1.01,311.45776748657227,4,-36.133502408077845
2008-05-01,-0.32,-0.19,-0.64,-0.85,-0.25,1.695,-0.99,-0.84,246.21197509765625,5,-20.29111788774793
2008-06-01,0.26,-0.05,-0.44,-0.66,0.34,1.329,-0.79,-0.61,183.20722103118896,6,-1.5889260329698232
2008-07-01,0.47,0.33,-0.04,-0.45,0.2,0.942,-0.78,-0.37,200.58517456054688,7,43.88943639868185
2008-08-01,0.67,0.54,-0.04,-0.37,0.64,0.771,-1.01,-0.23,176.8732237815857,8,43.60987744990149
2008-09-01,0.32,0.03,-0.28,-0.45,1.26,0.687,-1.02,-0.24,170.94414710998535,9,22.88402504042574
2008-10-01,-0.17,-0.02,-0.3,-0.4,1.52,0.745,-1.09,-0.35,201.53364372253415,10,33.64585463624249
2008-11-01,-0.21,-0.15,-0.37,-0.52,1.64,0.78,-0.98,-0.55,145.66733837127686,11,-14.18465645689713
2008-12-01,-0.33,-0.63,-0.9,-0.72,1.43,0.834,-1.01,-0.73,166.85738706588745,12,-62.1930316749372
2009-01-01,-0.17,-0.62,-1.0,-0.71,0.85,0.655,-1.01,-0.85,391.9756498336792,1,66.21574947081115
2009-02-01,-0.31,-0.49,-0.71,-0.52,1.37,0.533,-0.85,-0.79,356.51836013793945,2,-11.520132767526718
2009-03-01,-0.85,-0.76,-0.72,-0.35,-0.21,0.231,-0.95,-0.61,321.79094219207764,3,-78.09964096546173
2009-04-01,0.0,-0.07,-0.25,-0.09,1.06,-0.157,-0.81,-0.33,261.1948299407959,4,-86.39643995385421
2009-05-01,0.17,0.34,0.17,0.16,-0.86,-0.49,-0.72,0.01,207.3695878982544,5,-59.133505087149786
2009-06-01,0.54,0.71,0.49,0.34,-0.45,-0.589,-0.05,0.28,177.59063243865967,6,-7.20551462549912
2009-07-01,0.7,0.89,0.69,0.46,0.18,-0.946,0.56,0.45,138.41549253463745,7,-18.280245627227572
2009-08-01,0.66,0.72,0.62,0.62,-0.59,-1.282,0.56,0.58,188.4442105293274,8,55.18086419764319
2009-09-01,0.22,0.76,0.68,0.59,0.35,-1.662,0.42,0.71,113.82011890411376,9,-34.240003165445856
2009-10-01,0.22,0.78,0.96,0.92,-1.66,-1.926,0.56,1.01,162.1317596435547,10,-5.756029442736974
2009-11-01,0.14,1.19,1.49,1.21,-0.67,-2.151,1.04,1.36,153.54663848876953,11,-6.3053563394044545
2009-12-01,0.49,1.47,1.81,1.31,-0.95,-2.168,0.95,1.56,279.5866365432739,12,50.53621780244927
2010-01-01,0.36,1.1,1.43,1.21,-1.13,-2.205,0.93,1.5,337.4947261810303,1,11.734825818162221
2010-02-01,0.04,0.79,1.18,0.95,-1.59,-1.88,1.28,1.22,463.405158996582,2,95.3666660911158
2010-03-01,-0.04,0.61,1.07,0.9,-1.4,-1.447,1.33,0.84,433.05519676208496,3,33.16461360454559
2010-04-01,0.51,0.53,0.56,0.7,1.88,-0.999,0.49,0.35,405.236406326294,4,57.64513643164389
2010-05-01,0.39,-0.01,-0.15,0.1,0.85,-0.795,-0.12,-0.17,268.5915250778198,5,2.088432092415644
2010-06-01,0.14,-0.53,-0.62,-0.25,0.24,-0.326,-1.29,-0.66,157.24591255187988,6,-27.550234512278905
2010-07-01,-1.05,-0.84,-0.89,-0.61,1.95,-0.075,-2.42,-1.05,138.37278747558594,7,-18.322950686279086
2010-08-01,-1.23,-1.07,-1.33,-1.12,1.77,0.038,-2.38,-1.35,101.5955719947815,8,-31.66777433690271
2010-09-01,-1.29,-1.34,-1.56,-1.28,2.44,0.229,-2.26,-1.56,124.41839218139648,9,-23.641729888163127
2010-10-01,-1.53,-1.7,-1.65,-1.4,1.8,0.723,-2.16,-1.64,114.4666018486023,10,-53.42118723768937
2010-11-01,-1.39,-1.56,-1.57,-1.41,1.62,1.11,-2.01,-1.64,128.25692653656006,11,-31.595068291613927
2010-12-01,-1.03,-1.55,-1.63,-1.37,2.9,1.551,-1.85,-1.54,264.3803834915161,12,35.32996475069146
2011-01-01,-0.61,-1.41,-1.7,-1.38,2.01,1.584,-1.77,-1.31,352.91103076934814,1,27.151130406480092
2011-02-01,0.07,-0.84,-1.26,-1.02,2.12,1.637,-1.59,-1.04,262.376766204834,2,-105.66172670063219
2011-03-01,-0.43,-0.77,-0.98,-0.74,2.09,1.555,-1.75,-0.8,256.7096738815308,3,-143.18090927600855
2011-04-01,-0.05,-0.36,-0.74,-0.69,3.02,1.279,-1.69,-0.62,355.8896827697754,4,8.29841287512528
2011-05-01,0.25,-0.23,-0.53,-0.53,0.46,0.919,-1.24,-0.46,173.9177942276001,5,-92.58529875780408
2011-06-01,0.36,0.1,-0.25,-0.42,-0.04,0.824,-1.03,-0.37,187.23954677581787,6,2.443399711659083
2011-07-01,0.27,0.06,-0.23,-0.47,1.11,0.441,-0.75,-0.43,198.3137354850769,7,41.61799732321188
2011-08-01,-0.2,-0.4,-0.66,-0.58,0.07,0.259,-0.81,-0.58,120.07469701766968,8,-13.188649314014526
2011-09-01,-1.01,-0.68,-0.76,-0.68,1.14,0.184,-1.08,-0.79,162.6813554763794,9,14.621233406819783
2011-10-01,-0.71,-0.98,-0.93,-0.75,0.91,0.333,-1.3,-0.96,127.5368480682373,10,-40.35094101805436
2011-11-01,-0.8,-1.04,-1.09,-0.74,1.41,0.579,-1.14,-1.02,125.90506553649902,11,-33.94692929167496
2011-12-01,-0.68,-0.79,-1.05,-1.04,2.45,1.165,-1.18,-0.92,220.28972339630127,12,-8.760695344523384
2012-01-01,-0.39,-0.73,-0.93,-1.01,0.9,1.288,-1.07,-0.72,464.9239912033081,1,139.16409084044005
2012-02-01,0.4,-0.14,-0.61,-0.72,0.22,1.455,-0.68,-0.57,551.2474708557129,2,183.20897795024672
2012-03-01,-0.02,-0.15,-0.48,-0.56,0.2,1.36,-0.59,-0.46,478.32016468048096,3,78.42958152294159
2012-04-01,0.48,-0.0,-0.29,-0.31,-0.65,1.24,-0.38,-0.36,362.1389579772949,4,14.547688082644811
2012-05-01,0.43,0.01,-0.18,-0.28,-0.38,0.887,-0.32,-0.17,331.53564834594727,5,65.03255536054309
2012-06-01,0.99,0.5,0.14,-0.16,-1.51,0.517,-0.28,0.06,191.81200504302976,6,7.015857978870969
2012-07-01,0.82,0.84,0.44,-0.06,-0.15,0.02,0.34,0.3,139.2358169555664,7,-17.459921206298617
2012-08-01,0.27,0.75,0.66,0.28,-0.74,-0.48,-0.02,0.41,116.62811493873596,8,-16.635231392948242
2012-09-01,0.04,0.39,0.44,0.28,0.22,-0.989,-0.29,0.41,107.8352952003479,9,-40.22482686921171
2012-10-01,-0.39,0.04,0.23,0.33,0.17,-1.28,-0.19,0.31,151.87233114242554,10,-16.015457943866124
2012-11-01,-0.46,0.17,0.33,0.36,0.33,-1.28,-0.03,0.13,222.4758338928223,11,62.62383906464831
2012-12-01,-0.61,-0.27,-0.13,0.1,-0.77,-0.999,-0.03,-0.1,173.62517070770264,12,-55.42524803312202
2013-01-01,-0.7,-0.59,-0.42,-0.06,-0.1,-0.753,-0.06,-0.29,340.40502643585205,1,14.645126072983999
2013-02-01,-0.32,-0.45,-0.4,-0.15,-0.47,-0.794,-0.08,-0.29,416.260555267334,2,48.22206236186781
2013-03-01,-0.38,0.04,-0.14,-0.18,1.06,-1.008,-0.13,-0.21,430.2271728515625,3,30.336589694023132
2013-04-01,-1.32,-0.11,-0.08,-0.06,0.01,-1.304,-0.35,-0.19,336.32572174072266,4,-11.265548153927455
2013-05-01,-1.44,-0.67,-0.28,-0.06,0.9,-1.778,-0.68,-0.27,256.0035696029663,5,-10.499523382437872
2013-06-01,-1.44,-0.71,-0.33,-0.12,1.45,-2.053,-1.14,-0.34,127.65131950378418,6,-57.14482756037461
2013-07-01,-1.36,-0.56,-0.28,-0.11,0.76,-2.055,-0.79,-0.35,135.7571358680725,7,-20.938602293792513
2013-08-01,-0.76,-0.48,-0.29,0.02,-0.23,-1.738,-0.45,-0.28,118.31800985336304,8,-14.945336478321167
2013-09-01,-0.77,-0.22,-0.09,-0.0,0.41,-1.506,-0.33,-0.21,114.910089969635,9,-33.150032099924616
2013-10-01,-0.16,-0.1,-0.24,-0.05,-0.34,-1.063,-0.13,-0.13,151.32479286193848,10,-16.562996224353185
2013-11-01,-0.5,-0.11,-0.02,0.16,0.75,-0.541,-0.16,-0.1,114.18870449066162,11,-45.663290337512365
2013-12-01,-0.25,-0.02,-0.09,-0.08,-0.05,-0.361,-0.33,-0.15,184.07402992248532,12,-44.97638881833933
2014-01-01,0.37,-0.27,-0.42,-0.23,1.19,-0.568,-0.5,-0.28,407.0763301849365,1,81.31642982206847
2014-02-01,-0.67,-0.65,-0.45,0.08,-0.32,-0.565,-0.42,-0.32,306.9420051574707,2,-61.09648774799547
2014-03-01,-0.51,-0.16,-0.07,0.27,-1.7,-0.573,-0.05,-0.14,350.3885793685913,3,-49.50200378894806
2014-04-01,-0.25,0.22,0.28,0.33,0.81,-0.748,-0.17,0.15,333.0601501464844,4,-14.531119748165736
2014-05-01,0.74,0.55,0.45,0.41,0.72,-0.531,-0.17,0.31,340.6047010421753,5,74.10160805677111
2014-06-01,1.17,0.91,0.48,0.39,-0.46,-0.327,0.0,0.23,222.5596189498901,6,37.76347188573132
2014-07-01,1.04,0.56,0.13,0.23,-0.26,-0.404,0.41,0.1,170.77686595916748,7,14.081127797302457
2014-08-01,0.67,0.37,0.14,0.33,-1.42,-0.582,0.23,0.11,173.90017414093018,8,40.63682780924597
2014-09-01,0.15,0.36,0.37,0.47,-0.66,-0.819,-0.1,0.28,149.98357772827148,9,1.9234556587118732
2014-10-01,0.34,0.63,0.48,0.53,-0.86,-1.107,0.11,0.54,189.64468240737915,10,21.75689332108749
2014-11-01,0.57,0.92,0.89,0.81,-0.96,-1.38,0.37,0.71,146.20240688323975,11,-13.64958794493424
2014-12-01,0.14,0.8,0.77,0.71,-0.66,-1.553,0.35,0.77,218.25506162643435,12,-10.795357114390299
2015-01-01,-0.16,0.39,0.59,0.71,-0.87,-1.723,0.23,0.69,334.42084884643555,1,8.660948483567495
2015-02-01,-0.62,0.16,0.57,0.84,-0.04,-1.789,0.06,0.61,260.96063232421875,2,-107.07786058124742
2015-03-01,-0.01,0.08,0.48,0.76,-1.4,-1.578,0.15,0.65,440.4499864578247,3,40.55940330028534
2015-04-01,0.64,0.75,0.9,1.02,-0.27,-1.221,0.31,0.81,409.99929428100586,4,62.40802438635575
2015-05-01,1.59,0.99,1.04,0.97,-1.04,-0.703,0.95,1.02,402.3895053863525,5,135.8864124009483
2015-06-01,2.19,1.54,1.28,1.05,-1.72,-0.357,1.9,1.25,223.66666316986084,6,38.87051610570205
2015-07-01,2.32,1.87,1.56,1.04,-1.41,-0.031,1.79,1.57,240.8537983894348,7,84.15806022756976
2015-08-01,2.08,2.08,1.87,1.05,-2.15,0.066,1.95,1.91,136.59092664718628,8,3.3275803155020753
2015-09-01,2.48,2.36,2.01,1.12,-1.65,-0.062,2.24,2.21,139.9799394607544,9,-8.080182608805217
2015-10-01,2.38,2.47,2.21,1.19,-1.91,-0.166,2.15,2.47,264.4167175292969,10,96.52892844300521
2015-11-01,2.21,2.63,2.57,1.59,-0.63,-0.244,1.93,2.64,240.61283111572263,11,80.76083628754864
2015-12-01,2.09,2.65,2.56,1.51,-1.0,-0.506,1.93,2.75,363.5566968917847,12,134.50627815096007
2016-01-01,1.82,2.64,2.56,1.33,-2.12,-0.807,1.93,2.63,425.0292472839356,1,99.26934692106755
2016-02-01,1.09,1.9,2.11,1.3,-2.09,-1.004,1.8,2.28,426.55772590637207,2,58.5192330009059
2016-03-01,1.1,1.52,1.6,1.15,-0.75,-1.125,1.32,1.71,438.49539852142334,3,38.60481536388397
2016-04-01,0.29,0.78,1.05,0.88,-2.61,-1.217,1.32,1.05,396.4052867889404,4,48.81401689429026
2016-05-01,0.45,0.21,0.45,0.63,0.22,-1.244,1.24,0.49,260.38783740997314,5,-6.115255575431036
2016-06-01,0.52,0.11,0.06,0.45,0.44,-1.086,0.35,0.0,172.17787742614746,6,-12.618269638011327
2016-07-01,-0.06,-0.24,-0.25,0.24,0.45,-0.774,-0.54,-0.31,147.385151386261,7,-9.310586775604037
2016-08-01,0.19,-0.5,-0.48,0.02,0.4,-0.49,-0.26,-0.5,95.18582201004028,8,-38.07752432164392
2016-09-01,0.25,-0.19,-0.46,-0.16,1.28,-0.232,-0.29,-0.58,181.1832332611084,9,33.12311119154879
2016-10-01,-0.03,-0.52,-0.75,-0.38,-0.66,0.109,-0.53,-0.64,124.9171905517578,10,-42.97059853453386
2016-11-01,-0.08,-0.48,-0.63,-0.29,-0.23,0.321,-0.47,-0.6,108.52108240127563,11,-51.33091242689835
2016-12-01,0.02,-0.48,-0.51,-0.13,0.19,0.599,-0.37,-0.45,240.6264815330505,12,11.576062792225855
2017-01-01,0.33,-0.09,-0.34,-0.13,0.08,0.904,-0.42,-0.19,420.9661617279053,1,95.20626136503722
2017-02-01,0.93,0.4,-0.01,0.06,-0.33,0.862,-0.41,-0.02,421.3440361022949,2,53.30554319682875
2017-03-01,1.56,0.24,-0.09,-0.05,0.41,0.681,-0.58,0.18,624.424238204956,3,224.5336550474167
2017-04-01,0.49,0.42,0.22,0.19,-0.75,0.324,-0.19,0.31,421.09877586364746,4,73.50750596899735
2017-05-01,0.25,0.31,0.3,0.29,0.23,-0.325,0.2,0.4,287.4885063171387,5,20.98541333173449
2017-06-01,0.2,0.06,0.22,0.34,-1.39,-1.122,-0.23,0.39,236.1227130889893,6,51.3265660248305
2017-07-01,-0.46,0.08,0.22,0.29,0.85,-1.598,-0.63,0.19,155.49173641204834,7,-1.2040017498166833
2017-08-01,-0.76,-0.37,-0.18,0.17,0.17,-1.87,-0.72,-0.07,145.47779178619385,8,12.214445454509644
2017-09-01,-1.28,-0.88,-0.56,-0.1,0.62,-1.975,-0.73,-0.34,153.57175827026367,9,5.511636200704061
2017-10-01,-1.32,-0.82,-0.52,-0.1,0.75,-1.847,-0.59,-0.6,175.26275968551636,10,7.374970599224696
2017-11-01,-1.44,-1.1,-0.84,-0.21,0.94,-1.663,-0.62,-0.77,124.97308731079102,11,-34.87890751738297
2017-12-01,-1.54,-1.09,-0.85,-0.31,-0.27,-1.203,-0.74,-0.86,224.9908275604248,12,-4.059591180399849
2018-01-01,-1.25,-1.17,-0.86,-0.31,0.91,-1.179,-0.79,-0.77,273.6322889328003,1,-52.12761143006776
2018-02-01,-0.43,-0.77,-0.73,-0.2,-0.73,-1.171,-0.71,-0.71,359.3596534729004,2,-8.67883943256578
2018-03-01,-1.3,-0.87,-0.73,-0.09,1.03,-1.204,-0.8,-0.57,294.544020652771,3,-105.34656250476837
2018-04-01,-0.81,-0.43,-0.36,0.18,0.58,-1.373,-1.32,-0.39,277.0531368255615,4,-70.53813306908859
2018-05-01,-0.46,-0.18,-0.12,0.29,0.56,-1.688,-0.94,-0.13,315.80064487457275,5,49.297551889168574
2018-06-01,-0.47,0.19,0.12,0.29,-0.74,-1.809,-0.51,0.06,149.67427253723145,6,-35.12187452692734
2018-07-01,-0.08,0.27,0.27,0.34,0.18,-1.845,-0.05,0.14,140.26125574111938,7,-16.43448242074564
2018-08-01,-0.54,-0.12,0.05,0.46,-0.87,-1.898,0.47,0.27,130.24948406219482,8,-3.0138622694893797
2018-09-01,0.12,0.14,0.3,0.56,-0.99,-1.715,0.62,0.53,118.21900606155396,9,-29.841116008005656
2018-10-01,0.3,0.71,0.84,0.84,0.27,-1.562,0.52,0.81,113.72833943367004,10,-54.15944965262162
2018-11-01,0.69,1.0,1.0,0.81,-0.08,-1.146,0.33,0.97,225.20353317260745,11,65.35153834443346
2018-12-01,0.79,0.98,0.97,0.89,0.93,-0.858,0.18,0.92,309.5617151260376,12,80.51129638521294
2019-01-01,0.67,0.59,0.51,0.5,-0.16,-0.896,0.09,0.89,381.1023712158203,1,55.34247085295226
2019-02-01,0.66,0.59,0.62,0.67,-1.43,-0.875,0.5,0.86,427.33696365356445,2,59.29847074809828
2019-03-01,-0.18,0.62,0.81,0.68,-0.91,-0.978,0.76,0.84,474.7813949584961,3,74.89081180095673
2019-04-01,0.36,0.64,0.67,0.58,-0.03,-1.412,0.3,0.77,324.1332149505615,4,-23.458054944088587
2019-05-01,0.24,0.55,0.61,0.65,-0.71,-1.885,0.23,0.64,295.9699764251709,5,29.46688343976672
2019-06-01,-0.11,0.45,0.66,0.74,-1.36,-1.936,0.35,0.52,219.4076156616211,6,34.611468597462306
2019-07-01,-0.36,0.07,0.41,0.72,-0.51,-2.309,0.3,0.33,185.76694774627688,7,29.07120958441186
2019-08-01,-0.29,0.03,0.19,0.54,-0.7,-2.674,0.32,0.19,117.3714771270752,8,-15.891869204609009
2019-09-01,-0.68,-0.22,0.11,0.51,-1.26,-2.594,0.16,0.23,113.6719250679016,9,-34.388197001658014
2019-10-01,-0.71,0.1,0.55,0.86,-0.66,-2.413,0.31,0.39,218.5508632659912,10,50.66307417969955
2019-11-01,0.02,0.44,0.74,0.88,-1.03,-2.404,0.47,0.58,187.0227527618408,11,27.170757933666806
2019-12-01,-0.19,0.25,0.51,0.77,-0.73,-2.171,0.36,0.66,256.6128225326538,12,27.562403791829155
2020-01-01,-0.12,0.37,0.64,0.88,0.01,-2.005,0.24,0.64,275.3156280517578,1,-50.44427231111024
2020-02-01,-0.03,0.2,0.48,0.82,-0.31,-1.88,0.26,0.63,373.9493713378906,2,5.910878432424454
2020-03-01,-0.44,-0.02,0.36,0.7,-0.75,-1.7,0.13,0.53,351.7281198501587,3,-48.162463307380676
2020-04-01,0.03,0.34,0.49,0.61,0.16,-1.606,-0.15,0.3,307.3798370361328,4,-40.2114328585173
2020-05-01,-0.24,-0.24,-0.12,0.18,0.71,-1.79,-0.23,0.01,219.049325466156,5,-47.453767519248174
2020-06-01,-0.43,-0.53,-0.21,0.19,-1.36,-1.532,-0.68,-0.23,132.13520050048828,6,-52.66094656367051
2020-07-01,-1.09,-0.36,-0.04,0.17,0.44,-1.511,-0.94,-0.36,141.90418100357056,7,-14.791557158294466
2020-08-01,-0.43,-0.44,-0.42,-0.1,0.85,-1.37,-0.96,-0.53,73.152517080307,8,-60.1108292513772
2020-09-01,-0.85,-0.79,-0.66,-0.28,0.98,-1.095,-1.15,-0.85,119.71273183822632,9,-28.347390231333293
2020-10-01,-0.99,-1.0,-1.19,-0.66,0.27,-0.479,-1.17,-1.12,115.17911410331726,10,-52.7086749829744
2020-11-01,-0.87,-0.89,-1.01,-0.49,0.85,-0.052,-1.13,-1.2,107.84457206726074,11,-52.007422760913244
2020-12-01,-0.76,-0.77,-0.98,-0.68,1.76,0.379,-1.14,-1.08,297.91735076904297,12,68.86693202821832
2021-01-01,-0.58,-0.8,-1.04,-0.93,1.64,0.478,-1.2,-0.91,427.8130435943604,1,102.05314323149236
2021-02-01,-0.74,-0.8,-0.94,-0.76,1.02,0.367,-0.96,-0.79,295.9855194091797,2,-72.05297349628648
2021-03-01,-0.5,-0.64,-0.72,-0.53,-0.2,0.083,-0.79,-0.71,464.15666007995605,3,64.26607692241669
2021-04-01,-0.96,-0.67,-0.55,-0.27,0.3,-0.271,-0.95,-0.55,389.4078254699707,4,41.81655557532059
2021-05-01,-0.73,-0.53,-0.41,-0.15,0.49,-0.569,-1.07,-0.39,221.22583484649655,5,-45.27725813890763
2021-06-01,0.08,-0.06,-0.06,0.02,0.22,-0.713,-1.05,-0.3,184.2423248291016,6,-0.5538222350571971
2021-07-01,-0.14,-0.17,-0.2,-0.11,1.61,-0.636,-1.44,-0.35,108.2992980480194,7,-48.39644011384563
2021-08-01,-0.17,-0.28,-0.38,-0.19,0.27,-0.486,-1.29,-0.45,118.14715266227722,8,-15.116193669406982
2021-09-01,-0.29,-0.39,-0.5,-0.32,0.86,-0.459,-1.37,-0.63,146.6314458847046,9,-1.4286761848550213
2021-10-01,-0.6,-0.63,-0.78,-0.46,0.51,-0.385,-1.46,-0.76,184.34887075424197,10,16.46108166795031
2021-11-01,-0.98,-0.87,-0.88,-0.47,1.12,-0.443,-1.39,-0.91,166.03065490722656,11,6.178660079052577
2021-12-01,-1.29,-1.12,-1.07,-0.63,1.43,-0.545,-1.2,-0.87,198.4310007095337,12,-30.619418031290962
2022-01-01,-0.9,-0.97,-0.77,-0.26,0.34,-0.475,-1.01,-0.82,279.96724224090576,1,-45.79265812196229
2022-02-01,-1.14,-0.92,-0.68,-0.17,0.76,-0.423,-0.98,-0.79,306.80373764038086,2,-61.23475526508531
2022-03-01,-0.59,-0.72,-0.84,-0.56,1.35,-0.397,-1.31,-0.86,481.8461923599243,3,81.95560920238495
2022-04-01,-1.04,-0.91,-0.9,-0.6,2.69,-0.346,-1.6,-0.95,335.74419021606445,4,-11.847079678585658
2022-05-01,-1.04,-0.99,-1.02,-0.68,1.9,-0.185,-1.63,-0.9,249.1526670455933,5,-17.35042593981089
2022-06-01,-0.82,-0.71,-0.77,-0.61,2.45,-0.076,-1.9,-0.78,160.09431838989258,6,-24.70182867426621
2022-07-01,-0.54,-0.38,-0.56,-0.59,0.91,-0.014,-2.17,-0.76,136.119722366333,7,-20.576015795532015
2022-08-01,-0.23,-0.6,-0.96,-0.79,0.81,-0.046,-1.75,-0.87,112.72489619255066,8,-20.538450139133545
2022-09-01,-0.77,-0.89,-1.06,-0.87,1.73,0.016,-1.73,-0.97,42.91863441467285,9,-105.14148765488676
2022-10-01,-1.37,-1.05,-0.99,-0.86,1.73,0.138,-1.72,-0.94,48.02002811431885,10,-119.86776097197281
2022-11-01,-0.92,-0.72,-0.76,-0.57,0.31,0.12,-1.53,-0.85,40.74086666107178,11,-119.11112816710221
2022-12-01,-0.67,-0.84,-0.86,-0.58,2.11,0.32,-1.27,-0.71,78.83680582046509,12,-150.21361292035957
2023-01-01,-0.35,-0.64,-0.78,-0.57,1.14,0.663,-1.11,-0.54,130.64532995224,1,-195.11457041062806
2023-02-01,-0.14,-0.47,-0.62,-0.5,0.93,1.237,-0.91,-0.29,189.758695602417,2,-178.27979730304918
2023-03-01,1.0,0.23,-0.13,-0.13,-0.38,1.404,-0.76,-0.02,226.38803243637085,3,-173.50255072116852
2023-04-01,2.5,0.62,0.24,0.23,-0.03,1.502,-0.36,0.27,271.0747718811035,4,-76.5164980135466
2023-05-01,1.69,0.9,0.47,0.35,-1.6,1.484,-0.06,0.57,182.870409488678,5,-83.63268349672617
2023-06-01,2.39,1.35,0.95,0.62,-0.12,1.312,0.43,0.84,94.84658718109132,6,-89.94955988306747
2023-07-01,2.45,1.72,1.2,0.73,-0.38,0.677,0.51,1.12,104.4720585346222,7,-52.22367962724282
2023-08-01,2.55,2.09,1.56,1.03,-1.6,0.362,0.51,1.37,52.21809506416321,8,-81.045251267521
2023-09-01,2.04,1.96,1.65,1.13,-1.36,0.041,0.69,1.6,63.75256776809693,9,-84.30755430146269
2023-10-01,1.8,1.93,1.59,1.1,-0.6,-0.282,0.48,1.83,93.57974076271056,10,-74.3080483235811
2023-11-01,1.94,2.21,2.01,1.32,-0.9,-0.704,0.91,1.99,73.18561792373657,11,-86.66637690443741
2023-12-01,1.37,1.93,1.81,1.19,-0.39,-0.801,1.13,2.06,140.5674638748169,12,-88.48295486600776
2024-01-01,1.14,1.74,1.71,1.4,0.31,-1.228,0.7,1.92,147.64748668670654,1,-178.1124136761615
2024-02-01,1.08,1.45,1.47,1.21,-1.47,-1.568,0.68,1.62,226.73889350891116,2,-141.299599396555
2024-03-01,-0.06,0.84,1.1,0.99,-0.2,-1.882,0.78,1.26,268.2261743545532,3,-131.66440880298615
2024-04-01,-0.11,0.7,0.93,0.85,-0.69,-2.089,0.34,0.82,347.9303455352783,4,0.3390756406282094
2024-05-01,-0.41,0.06,0.41,0.67,0.57,-2.368,0.12,0.49,224.42670392990112,5,-42.07638905550306
2024-06-01,-0.48,-0.11,0.25,0.58,-0.43,-2.369,-0.24,0.22,131.49975299835205,6,-53.29639406580674
2024-07-01,-0.44,-0.05,0.2,0.49,-0.65,-2.354,-0.72,0.08,93.13861775398254,7,-63.55712040788248
2024-08-01,-0.62,-0.28,0.02,0.45,0.59,-2.178,-0.73,-0.07,76.1910285949707,8,-57.0723177367135
2024-09-01,-0.58,-0.14,-0.11,0.24,-0.12,-1.843,-0.65,-0.17,64.62631702423096,9,-83.43380504532865
2024-10-01,-0.47,-0.3,-0.24,0.17,0.35,-1.324,-0.51,-0.21,146.5420627593994,10,-21.345726326892247
2024-11-01,-0.14,-0.11,-0.05,0.25,0.61,-0.792,-0.68,-0.3,73.94655704498291,11,-85.90543778319108
2024-12-01,-0.44,-0.4,-0.58,-0.34,1.09,-0.126,-0.91,-0.42,232.4601035118103,12,3.409684770985649
2025-01-01,-0.58,-0.59,-0.76,-0.5,0.26,0.393,-1.0,-0.45,291.3997812271118,1,-34.360119135756236
2025-02-01,0.23,-0.07,-0.39,-0.36,0.7,0.598,-0.83,-0.24,551.6774597167969,2,183.6389668113307
2025-03-01,0.89,0.39,0.05,-0.13,0.88,0.553,-0.68,-0.06,481.1723127365112,3,81.2817295789718
2025-04-01,0.04,0.05,-0.08,-0.09,,0.425,-0.38,0.02,421.997652053833,4,74.4063821591829
2025-05-01,0.21,-0.12,-0.08,0.02,0.42,0.086,-0.36,-0.02,260.8783025741577,5,-5.624790411246465
2025-06-01,0.44,0.03,0.01,0.14,0.16,-0.308,-1.17,-0.04,163.8348627090454,6,-20.961284355113378
2025-07-01,0.29,0.07,-0.03,0.05,0.7,-0.504,-1.22,-0.11,130.4262022972107,7,-26.26953586465433
2025-08-01,0.04,-0.02,-0.11,0.06,0.0,-0.514,-0.87,-0.26,125.6444034576416,8,-7.618942874042602
2025-09-01,-0.27,-0.26,-0.3,-0.12,-0.02,-0.44,-1.12,-0.43,138.6386489868164,9,-9.421473082743205
2025-10-01,-0.31,-0.42,-0.5,-0.32,1.09,-0.468,-1.19,-0.57,186.72226095199585,10,18.834471865704188
2025-11-01,-0.48,-0.63,-0.68,-0.37,1.04,-0.411,-1.06,-0.61,217.55262851715088,11,57.70063368897689
2025-12-01,-0.8,-0.58,-0.49,-0.19,-0.09,-0.153,-0.77,-0.6,103.17608046531676,12,-125.8743382755079
