date,nino12,nino3,nino34,nino4,soi,precipitation_mm
1982-01-01,-0.24,0.17,0.08,-0.21,1.2,309.480562210083
1982-02-01,-0.72,-0.11,-0.2,-0.11,0.3,283.7255058288574
1982-03-01,-1.38,-0.25,-0.14,-0.05,0.6,268.30818462371826
1982-04-01,-1.16,-0.05,0.02,0.1,0.1,300.0802230834961
1982-05-01,-0.62,0.49,0.49,0.4,-0.3,241.27335453033447
1982-06-01,-0.29,0.46,0.65,0.62,-1.0,146.59788608551025
1982-07-01,0.24,0.27,0.27,-0.02,-1.5,188.8674473762512
1982-08-01,0.85,0.83,0.86,0.01,-1.7,127.63814878463744
1982-09-01,1.33,1.49,1.24,0.24,-1.7,188.5063648223877
1982-10-01,1.8,1.96,1.73,0.43,-1.7,362.9843692779541
1982-11-01,2.78,2.19,1.68,0.18,-2.6,364.8971557617188
1982-12-01,2.89,2.8,2.21,0.36,-2.2,595.1349830627441
1983-01-01,2.3,2.69,2.13,0.41,-3.5,690.3561782836914
1983-02-01,1.55,2.01,1.81,0.41,-3.6,560.6436462402344
1983-03-01,1.73,1.32,1.22,0.37,-2.4,620.6853504180908
1983-04-01,2.37,1.19,0.68,-0.02,-0.9,537.2076988220215
1983-05-01,3.26,1.43,0.68,0.18,0.6,614.5591773986816
1983-06-01,4.03,1.45,0.45,-0.06,0.0,548.0181884765625
1983-07-01,3.85,0.68,-0.33,-0.32,-0.6,400.27905654907227
1983-08-01,2.88,0.55,-0.44,-0.49,0.1,217.0890316963196
1983-09-01,1.58,0.2,-0.38,-0.62,0.9,201.17164134979248
1983-10-01,1.11,-0.52,-1.02,-1.02,0.4,219.6525769233704
1983-11-01,0.38,-1.03,-1.29,-1.01,-0.1,203.36461544036865
1983-12-01,0.11,-0.88,-1.16,-0.97,0.0,278.65995597839355
1984-01-01,-0.16,-0.87,-0.96,-0.81,0.2,235.07795763015747
1984-02-01,-0.87,0.03,-0.16,-0.84,0.9,460.9694776535034
1984-03-01,-0.88,-0.28,-0.52,-0.91,-0.2,354.8653230667114
1984-04-01,-0.45,-0.29,-0.54,-0.97,0.3,336.5600395202637
1984-05-01,-1.17,-0.84,-0.69,-0.85,0.2,216.5132007598877
1984-06-01,-0.97,-1.29,-1.03,-0.81,-0.3,203.8830184936524
1984-07-01,-0.69,-0.83,-0.68,-0.45,0.2,156.48124027252197
1984-08-01,-0.57,-0.58,-0.54,-0.65,0.4,102.34350180625916
1984-09-01,-0.38,-0.29,-0.41,-0.45,0.1,145.71202754974365
1984-10-01,-0.43,-0.9,-0.75,-0.67,-0.3,199.4053974151612
1984-11-01,-0.21,-1.05,-1.3,-0.75,0.3,160.5761432647705
1984-12-01,-0.21,-1.37,-1.48,-1.0,-0.1,272.2864809036255
1985-01-01,-0.93,-1.39,-1.3,-0.83,-0.3,243.86776447296145
1985-02-01,-1.3,-1.14,-0.92,-0.57,1.2,245.8443717956543
1985-03-01,-0.95,-0.96,-0.89,-0.99,0.8,259.09335231781006
1985-04-01,-1.43,-0.94,-1.1,-1.09,1.2,234.256010055542
1985-05-01,-1.89,-1.22,-1.08,-1.08,0.4,184.07407426834104
1985-06-01,-1.35,-1.19,-1.08,-0.96,-0.4,127.85918712615968
1985-07-01,-1.37,-1.14,-0.8,-0.74,-0.1,142.17686367034912
1985-08-01,-1.26,-0.98,-0.63,-0.6,1.0,137.0857377052307
1985-09-01,-1.35,-0.97,-0.77,-0.6,0.0,164.2866325378418
1985-10-01,-1.11,-0.98,-0.74,-0.57,-0.4,100.878972530365
1985-11-01,-0.79,-0.91,-0.59,-0.37,-0.2,107.59329557418825
1985-12-01,-0.5,-0.88,-0.59,-0.34,0.2,187.95568180084229
1986-01-01,-0.02,-0.87,-0.72,-0.52,1.0,439.10988426208496
1986-02-01,-0.22,-0.58,-0.78,-0.37,-1.0,261.7446823120117
1986-03-01,-0.69,-0.42,-0.6,-0.29,0.5,277.9125804901123
1986-04-01,-0.91,-0.53,-0.52,-0.68,0.3,380.1211166381836
1986-05-01,-1.27,-0.77,-0.56,-0.44,-0.2,193.29470109939567
1986-06-01,-1.02,-0.49,-0.33,-0.24,1.0,118.26173543930054
1986-07-01,-0.61,-0.09,-0.04,-0.29,0.3,154.76750946044922
1986-08-01,-0.14,-0.1,0.19,-0.01,-0.4,150.54582834243774
1986-09-01,-0.11,0.29,0.4,0.15,-0.5,156.38517379760742
1986-10-01,0.12,0.34,0.51,0.23,0.6,197.89833307266235
1986-11-01,-0.01,0.54,0.54,0.3,-1.2,176.96152210235596
1986-12-01,0.12,0.6,0.82,0.19,-1.4,272.88899326324463
1987-01-01,0.54,0.81,0.94,0.26,-0.7,449.593599319458
1987-02-01,0.66,0.78,0.82,0.31,-1.2,605.4698791503906
1987-03-01,0.94,0.8,0.89,0.47,-1.3,498.1405448913574
1987-04-01,0.87,0.57,0.45,0.26,-1.4,409.663782119751
1987-05-01,0.84,0.62,0.32,0.06,-1.3,231.86879587173465
1987-06-01,0.66,0.51,0.72,0.34,-1.1,153.4537124633789
1987-07-01,0.7,0.99,1.04,0.29,-1.4,153.05064487457275
1987-08-01,0.72,1.06,1.2,0.35,-0.9,144.48259687423706
1987-09-01,0.71,1.37,1.32,0.33,-1.0,151.6400384902954
1987-10-01,1.29,0.88,0.97,0.63,-0.4,182.1999740600586
1987-11-01,0.93,0.73,0.85,0.63,-0.0,154.8885154724121
1987-12-01,0.44,0.91,0.77,0.51,-0.5,222.0401430130005
1988-01-01,-0.19,0.53,0.67,0.5,-0.1,363.8188695907593
1988-02-01,-0.42,-0.03,0.22,0.31,-0.4,333.4761600494385
1988-03-01,-0.85,-0.1,0.06,-0.07,0.6,220.58837795257568
1988-04-01,-1.07,-0.76,-0.55,-0.6,0.1,343.69025230407715
1988-05-01,-1.13,-1.67,-1.32,-0.72,0.9,288.40282917022705
1988-06-01,-1.59,-2.16,-1.7,-0.95,0.1,124.40390110015868
1988-07-01,-1.6,-2.08,-1.73,-1.0,1.0,120.55457091331482
1988-08-01,-1.66,-1.6,-1.43,-0.99,1.5,115.04408097267152
1988-09-01,-1.52,-0.94,-0.93,-0.77,1.8,126.3946008682251
1988-10-01,-1.53,-1.58,-2.01,-1.75,1.4,141.58149099349976
1988-11-01,-1.22,-1.82,-2.22,-1.87,1.7,181.13370895385745
1988-12-01,-1.17,-1.82,-2.01,-1.78,1.2,185.0911169052124
1989-01-01,-0.48,-1.45,-2.0,-1.86,1.5,359.32287979125977
1989-02-01,-0.23,-0.96,-1.48,-1.46,1.2,460.0360565185547
1989-03-01,0.0,-1.23,-1.44,-1.26,1.1,332.99693298339844
1989-04-01,-0.13,-1.06,-1.32,-1.1,1.6,305.08398056030273
1989-05-01,-1.25,-0.9,-0.89,-0.69,1.2,223.75790929794312
1989-06-01,-1.15,-0.39,-0.67,-1.05,0.7,175.59669971466064
1989-07-01,-0.7,-0.52,-0.57,-0.83,0.9,121.91575217247008
1989-08-01,-0.51,-0.65,-0.72,-0.91,-0.3,123.2476577758789
1989-09-01,-0.88,-0.4,-0.51,-0.54,0.5,141.9188690185547
1989-10-01,-0.68,-0.57,-0.55,-0.54,0.8,224.6448559761048
1989-11-01,-0.43,-0.7,-0.62,-0.76,-0.2,107.37733840942384
1989-12-01,-0.58,-0.5,-0.2,-0.15,-0.5,123.82942366600037
1990-01-01,-0.6,-0.4,-0.11,-0.02,-0.1,233.2671537399292
1990-02-01,-0.43,-0.11,0.01,0.18,-1.8,313.0958442687988
1990-03-01,-0.5,-0.5,-0.18,0.13,-0.4,309.6683225631714
1990-04-01,-0.7,-0.21,-0.06,0.16,0.2,314.33226585388184
1990-05-01,-0.61,0.03,0.04,-0.15,1.2,230.0670828819275
1990-06-01,-0.4,-0.18,-0.26,-0.2,0.3,194.0098571777344
1990-07-01,-0.9,-0.15,-0.03,-0.11,0.5,138.63321590423584
1990-08-01,-0.47,-0.06,0.09,0.14,-0.2,92.21510791778564
1990-09-01,-0.6,-0.01,-0.03,0.08,-0.7,105.83733558654784
1990-10-01,-0.79,-0.17,0.18,0.28,0.3,130.0880947113037
1990-11-01,-0.9,-0.36,-0.09,0.15,-0.5,123.17420482635498
1990-12-01,-0.72,-0.08,0.22,0.39,-0.2,198.66618156433103
1991-01-01,-0.78,-0.05,0.33,0.4,0.6,230.21578931808472
1991-02-01,-0.4,-0.1,0.14,0.3,0.3,360.4924430847168
1991-03-01,-0.28,-0.2,-0.08,0.15,-0.7,336.9570178985596
1991-04-01,-0.52,-0.19,0.08,0.22,-0.6,314.327974319458
1991-05-01,0.04,0.22,0.25,0.39,-1.0,250.237455368042
1991-06-01,-0.11,0.58,0.39,0.21,-0.1,176.34893417358398
1991-07-01,0.23,0.56,0.47,0.17,0.0,152.51438522338867
1991-08-01,0.12,0.33,0.6,0.38,-0.4,119.56191110610962
1991-09-01,0.14,0.11,0.31,0.17,-1.5,129.31759357452393
1991-10-01,0.22,0.27,0.64,0.63,-1.0,186.5879521369934
1991-11-01,0.29,0.73,0.89,0.44,-0.7,191.8444347381592
1991-12-01,0.29,1.03,1.5,0.77,-1.8,245.8063583374024
1992-01-01,0.07,1.18,1.67,0.58,-2.9,340.6116781234741
1992-02-01,0.15,0.96,1.55,0.67,-0.9,377.73328590393066
1992-03-01,0.78,0.71,1.16,0.6,-2.0,684.8652153015137
1992-04-01,1.44,0.89,1.0,0.52,-1.0,569.234447479248
1992-05-01,1.47,1.07,0.91,0.33,0.3,412.7190742492676
1992-06-01,0.48,0.47,0.42,0.17,-0.6,196.2324571609497
1992-07-01,-0.39,-0.22,0.15,0.33,-0.6,138.29671955108645
1992-08-01,-0.18,-0.24,-0.08,-0.04,0.4,107.22402930259705
1992-09-01,-0.21,-0.19,-0.16,-0.03,0.1,142.4387168884277
1992-10-01,0.12,-0.42,-0.5,-0.24,-1.4,138.5652780532837
1992-11-01,-0.26,-0.23,-0.18,-0.3,-0.7,118.8699746131897
1992-12-01,-0.43,-0.17,0.14,0.03,-0.6,155.9989790916443
1993-01-01,-0.27,-0.01,0.16,0.09,-0.9,291.8824710845947
1993-02-01,0.03,0.31,0.34,0.0,-0.7,500.1159057617188
1993-03-01,0.23,0.22,0.23,0.07,-0.5,451.8300495147705
1993-04-01,0.5,0.44,0.32,0.0,-1.2,394.4505786895752
1993-05-01,0.54,0.84,0.65,-0.0,-0.3,288.26967334747314
1993-06-01,0.36,0.18,0.15,-0.08,-0.8,179.08464431762695
1993-07-01,0.23,0.17,0.22,0.02,-0.8,163.0403175354004
1993-08-01,0.13,0.03,-0.04,-0.02,-0.9,111.00523042678832
1993-09-01,0.3,0.15,0.24,0.16,-0.7,163.19801330566406
1993-10-01,0.32,0.2,0.19,-0.02,-1.1,162.6609091758728
1993-11-01,0.01,0.01,0.08,0.08,-0.1,141.04113578796387
1993-12-01,-0.37,-0.02,0.1,0.29,0.2,227.2059326171875
1994-01-01,-0.2,0.08,0.02,0.09,-0.1,408.19139194488525
1994-02-01,-0.34,-0.19,-0.08,-0.2,0.3,378.46599197387695
1994-03-01,-1.06,-0.3,0.15,0.06,-0.7,371.1950931549072
1994-04-01,-1.22,-0.56,0.08,-0.11,-1.3,363.8347434997559
1994-05-01,-1.1,-0.26,0.12,0.19,-0.7,276.37046813964844
1994-06-01,-0.75,-0.23,0.13,0.19,-0.4,170.6144142150879
1994-07-01,-0.61,-0.61,-0.01,0.47,-1.3,119.09252500534058
1994-08-01,-0.96,-0.35,0.4,0.61,-1.2,109.9455714225769
1994-09-01,-0.52,-0.11,0.28,0.38,-1.6,123.13845634460448
1994-10-01,0.69,0.49,0.6,0.5,-1.1,141.5964059829712
1994-11-01,0.63,0.73,0.91,0.58,-0.6,165.3488302230835
1994-12-01,0.62,0.8,1.15,0.71,-1.2,313.31541442871094
1995-01-01,0.52,0.5,0.75,0.54,-0.4,393.6067199707031
1995-02-01,0.07,0.37,0.64,0.71,-0.1,309.3401641845703
1995-03-01,-0.3,-0.2,0.3,0.59,0.8,258.4729537963867
1995-04-01,-1.08,-0.57,0.07,0.36,-0.7,316.9412899017334
1995-05-01,-1.24,-0.82,-0.21,0.26,-0.4,305.93079471588135
1995-06-01,-0.73,-0.61,-0.36,0.06,0.1,208.2361364364624
1995-07-01,-0.5,-0.36,-0.21,-0.08,0.4,230.2787160873413
1995-08-01,-0.71,-0.78,-0.57,-0.21,0.3,146.98640823364258
1995-09-01,-0.35,-0.85,-0.66,-0.32,0.3,175.89303016662598
1995-10-01,-0.82,-0.9,-0.94,-0.57,0.0,220.11010789871216
1995-11-01,-0.1,-1.01,-1.01,-0.63,0.0,233.0151557922364
1995-12-01,-0.86,-0.96,-0.91,-0.48,-0.5,205.091423034668
1996-01-01,-0.69,-0.71,-0.83,-0.48,1.0,336.0134563446045
1996-02-01,-0.49,-0.66,-0.77,-0.62,0.3,363.9557857513428
1996-03-01,-0.45,-0.5,-0.66,-0.61,1.1,356.09130859375
1996-04-01,-1.64,-0.94,-0.49,-0.5,0.8,263.937349319458
1996-05-01,-1.34,-0.85,-0.51,-0.38,0.3,236.1599817276001
1996-06-01,-1.31,-0.78,-0.48,-0.39,1.2,184.4845390319824
1996-07-01,-1.34,-0.65,-0.37,-0.42,0.7,143.75329971313477
1996-08-01,-1.11,-0.54,-0.31,-0.26,0.7,118.30932545661926
1996-09-01,-1.08,-0.55,-0.35,-0.32,0.6,111.91315412521362
1996-10-01,-0.73,-0.68,-0.55,-0.35,0.6,140.10489225387573
1996-11-01,-1.29,-0.64,-0.43,-0.43,-0.1,90.36834955215454
1996-12-01,-1.16,-1.06,-0.6,-0.14,0.9,169.13451719284058
1997-01-01,-0.93,-0.98,-0.61,-0.1,0.5,274.7923173904419
1997-02-01,-0.45,-0.72,-0.39,0.12,1.7,382.3256530761719
1997-03-01,0.23,-0.44,-0.36,0.13,-0.4,403.0845527648926
1997-04-01,0.8,-0.31,-0.11,0.48,-0.6,388.1303215026856
1997-05-01,1.83,0.46,0.4,0.42,-1.3,391.4193162918091
1997-06-01,2.79,1.21,0.81,0.2,-1.4,271.2569332122803
1997-07-01,3.59,1.77,1.27,0.4,-0.8,343.77814960479736
1997-08-01,3.71,2.32,1.68,0.33,-1.4,349.0716552734375
1997-09-01,3.63,2.52,1.84,0.56,-1.4,359.1720485687256
1997-10-01,3.57,2.69,1.96,0.3,-1.5,364.92928981781006
1997-11-01,3.73,3.04,2.11,0.61,-1.2,475.1608085632324
1997-12-01,3.73,3.07,2.1,0.44,-1.0,741.8157596588135
1998-01-01,2.88,2.75,2.03,0.44,-2.7,675.2253131866455
1998-02-01,1.91,2.19,1.74,0.52,-2.0,683.1789474487305
1998-03-01,1.91,1.64,1.18,0.27,-2.4,751.1371402740479
1998-04-01,2.34,1.2,0.5,-0.12,-1.4,635.716438293457
1998-05-01,2.84,1.06,0.45,-0.23,0.3,508.8715915679932
1998-06-01,1.92,-0.27,-0.75,-0.48,1.0,372.3855113983154
1998-07-01,1.64,-0.38,-1.15,-0.77,1.2,329.8842086791992
1998-08-01,1.12,-0.43,-1.2,-0.9,1.2,216.5371918678284
1998-09-01,0.53,-0.63,-1.03,-0.77,1.0,200.50934314727783
1998-10-01,0.79,-0.91,-1.34,-1.41,1.1,142.63031482696533
1998-11-01,-0.17,-0.73,-1.31,-1.43,1.0,192.47340202331543
1998-12-01,0.24,-1.15,-1.73,-1.48,1.4,156.383930683136
1999-01-01,-0.69,-1.15,-1.58,-1.67,1.8,274.97655963897705
1999-02-01,-0.42,-0.74,-1.1,-1.48,1.0,486.30517578125
1999-03-01,0.01,-0.35,-0.89,-1.34,1.3,395.4327640533447
1999-04-01,-1.52,-0.83,-0.99,-1.29,1.4,367.6615333557129
1999-05-01,-0.82,-0.64,-0.92,-0.99,0.2,339.32898902893066
1999-06-01,-0.83,-0.8,-1.08,-0.89,0.3,235.8931016921997
1999-07-01,-0.79,-0.87,-1.03,-1.09,0.5,195.53447723388672
1999-08-01,-0.83,-0.96,-1.22,-0.95,0.4,133.1838936805725
1999-09-01,-0.94,-1.12,-1.03,-0.91,-0.1,248.99105072021484
1999-10-01,-0.74,-1.34,-1.19,-0.85,1.0,206.9919238090515
1999-11-01,-0.96,-1.57,-1.63,-1.13,1.0,181.91009044647217
1999-12-01,-0.67,-1.59,-1.65,-1.23,1.4,251.9730930328369
2000-01-01,-0.59,-1.67,-1.77,-1.2,0.7,228.73376560211184
2000-02-01,-0.39,-1.0,-1.52,-1.41,1.7,340.96442127227783
2000-03-01,-0.72,-0.61,-1.13,-1.49,1.3,376.25191020965576
2000-04-01,0.21,-0.19,-0.9,-1.22,1.2,352.5882911682129
2000-05-01,-0.64,-0.56,-0.97,-1.14,0.4,306.74678802490234
2000-06-01,-0.49,-0.73,-0.7,-0.55,-0.2,234.67241764068604
2000-07-01,-1.05,-0.8,-0.73,-0.57,-0.2,178.95959281921387
2000-08-01,-1.01,-0.58,-0.51,-0.55,0.7,175.99301767349243
2000-09-01,-0.57,-0.46,-0.52,-0.33,0.9,199.84581470489505
2000-10-01,-0.5,-0.57,-0.71,-0.66,1.1,211.2022523880005
2000-11-01,-0.97,-0.91,-0.9,-0.67,1.8,132.62796878814697
2000-12-01,-0.41,-0.72,-1.05,-1.16,0.8,270.275691986084
2001-01-01,-0.37,-0.43,-0.76,-0.91,1.0,477.0622501373291
2001-02-01,-0.38,-0.21,-0.56,-0.99,1.7,389.0623359680176
2001-03-01,0.34,0.1,-0.37,-0.73,0.9,500.2995376586914
2001-04-01,0.53,-0.22,-0.56,-0.6,0.2,375.5324935913086
2001-05-01,-0.35,-0.22,-0.46,-0.41,-0.5,306.35533237457275
2001-06-01,-0.69,-0.23,-0.16,-0.27,0.3,183.3491563796997
2001-07-01,-0.58,-0.37,-0.11,0.15,-0.2,177.8179531097412
2001-08-01,-0.55,-0.35,-0.09,0.07,-0.4,109.03087162971497
2001-09-01,-0.77,-0.5,-0.19,0.39,0.2,172.98906326293945
2001-10-01,-1.07,-0.47,-0.25,0.19,-0.0,114.02162075042725
2001-11-01,-0.85,-0.84,-0.48,0.12,0.7,174.36045169830322
2001-12-01,-0.64,-0.59,-0.53,-0.09,-0.8,235.41117238998413
2002-01-01,-0.58,-0.65,-0.2,0.38,0.4,304.7808475494385
2002-02-01,-0.07,-0.34,0.03,0.32,1.1,449.5805435180664
2002-03-01,0.69,0.06,-0.06,0.06,-0.2,521.4532794952393
2002-04-01,0.66,-0.12,0.03,0.37,-0.1,437.0073795318604
2002-05-01,0.74,0.16,0.19,0.5,-0.8,273.7789258956909
2002-06-01,0.12,0.48,0.6,0.5,-0.2,165.7917881011963
2002-07-01,0.02,0.3,0.58,0.46,-0.5,156.74032354354858
2002-08-01,-0.15,0.31,0.66,0.54,-1.0,118.17124724388124
2002-09-01,0.22,0.67,0.85,0.56,-0.6,138.60694885253906
2002-10-01,0.77,0.66,1.02,0.57,-0.4,250.1150608062744
2002-11-01,1.19,1.09,1.2,0.83,-0.5,261.2680721282959
2002-12-01,0.89,1.15,1.3,0.83,-1.1,364.66782665252686
2003-01-01,-0.05,0.67,0.88,0.64,-0.2,346.20785903930664
2003-02-01,0.04,0.4,0.65,0.61,-0.7,333.767692565918
2003-03-01,0.06,0.15,0.5,0.61,-0.3,367.2725839614868
2003-04-01,-0.77,-0.36,-0.14,0.16,-0.1,316.30167961120605
2003-05-01,-1.74,-0.91,-0.6,-0.2,-0.3,269.60125064849854
2003-06-01,-0.95,-0.59,-0.34,0.02,-0.6,202.3544311523437
2003-07-01,-0.44,-0.02,0.04,0.14,0.3,136.06386137008667
2003-08-01,0.18,0.16,0.04,0.14,0.1,159.53851747512817
2003-09-01,-0.27,0.1,0.18,0.14,-0.1,152.12854385375977
2003-10-01,0.27,0.42,0.42,0.44,0.0,199.2704529762268
2003-11-01,0.44,0.32,0.21,0.41,-0.3,194.5270156860352
2003-12-01,0.47,0.68,0.34,0.3,1.1,265.493257522583
2004-01-01,0.28,0.47,0.22,0.31,-1.3,204.65055131912231
2004-02-01,0.12,0.26,0.16,0.27,1.2,389.7716865539551
2004-03-01,-0.78,-0.05,-0.18,0.08,0.4,340.6040210723877
2004-04-01,-0.02,-0.15,-0.04,0.06,-0.9,292.45848655700684
2004-05-01,-0.97,-0.44,0.07,0.15,1.0,296.00908946990967
2004-06-01,-0.94,-0.24,-0.0,0.07,-0.8,148.2145357131958
2004-07-01,-0.75,0.04,0.47,0.35,-0.5,143.90809631347656
2004-08-01,-0.63,0.09,0.61,0.4,-0.3,93.1141905784607
2004-09-01,-0.33,0.26,0.67,0.65,-0.3,172.45246410369873
2004-10-01,0.34,0.41,0.64,0.67,-0.1,166.85919046401978
2004-11-01,0.89,0.55,0.59,0.64,-0.7,188.0726623535156
2004-12-01,0.15,0.56,0.63,0.68,-0.8,213.251045703888
2005-01-01,0.13,0.28,0.61,0.89,0.3,226.936487197876
2005-02-01,-0.58,-0.13,0.24,0.61,-3.1,268.95558166503906
2005-03-01,-1.37,-0.23,0.27,0.51,0.3,370.4230909347534
2005-04-01,-0.61,-0.0,0.13,0.29,-0.6,400.0715160369873
2005-05-01,-0.04,0.19,0.22,0.21,-0.8,156.45430755615234
2005-06-01,-0.67,0.11,0.2,0.23,0.4,141.8857383728027
2005-07-01,-0.4,0.11,0.08,0.13,0.2,102.67655396461488
2005-08-01,-0.57,0.22,0.06,0.02,-0.3,116.97251224517822
2005-09-01,-0.68,-0.21,-0.12,-0.04,0.4,116.67155027389526
2005-10-01,-1.11,-0.32,-0.07,0.06,1.2,151.82479238510132
2005-11-01,-1.27,-0.98,-0.54,-0.12,-0.2,129.60737228393555
2005-12-01,-0.71,-1.21,-0.8,-0.18,-0.0,237.5317025184632
2006-01-01,-0.11,-0.82,-0.93,-0.56,1.7,259.00312328338623
2006-02-01,0.58,-0.27,-0.67,-0.73,0.1,463.9451446533203
2006-03-01,-0.28,-0.57,-0.66,-0.49,1.8,404.3748397827149
2006-04-01,-1.21,-0.3,-0.28,-0.34,1.1,260.4361152648926
2006-05-01,-0.44,-0.05,-0.06,-0.14,-0.5,177.444664478302
2006-06-01,-0.27,0.0,0.08,0.16,-0.2,191.1980438232422
2006-07-01,0.17,-0.02,-0.01,0.14,-0.6,138.97256517410278
2006-08-01,0.75,0.39,0.33,0.42,-1.0,151.84969997406006
2006-09-01,1.15,0.8,0.53,0.66,-0.6,224.14302349090576
2006-10-01,1.6,0.79,0.65,0.63,-1.3,160.39709758758545
2006-11-01,1.2,0.88,0.85,0.84,0.1,254.24577713012687
2006-12-01,1.11,1.14,1.1,0.9,-0.3,312.4476547241211
2007-01-01,0.61,0.94,0.75,0.69,-0.8,347.278338432312
2007-02-01,0.16,0.14,0.11,0.52,-0.1,253.40312957763672
2007-03-01,-0.33,-0.46,-0.08,0.4,0.2,403.7885875701904
2007-04-01,-0.54,-0.31,-0.1,0.15,-0.1,341.3925075531006
2007-05-01,-1.12,-0.79,-0.43,-0.14,-0.1,268.7197732925415
2007-06-01,-0.83,-0.46,-0.14,-0.11,0.5,194.0914249420166
2007-07-01,-0.65,-0.63,-0.41,-0.24,-0.3,109.56146240234376
2007-08-01,-0.97,-1.02,-0.58,-0.17,0.4,126.49746990203856
2007-09-01,-1.07,-1.02,-0.86,-0.52,0.2,124.09245014190674
2007-10-01,-1.59,-1.29,-1.19,-0.63,0.7,144.29023933410645
2007-11-01,-1.9,-1.54,-1.42,-1.1,0.9,189.15299892425537
2007-12-01,-1.72,-1.36,-1.18,-0.8,1.7,162.167546749115
2008-01-01,-0.26,-1.35,-1.59,-1.44,1.8,352.02003383636475
2008-02-01,0.27,-1.08,-1.49,-1.39,2.6,472.7414073944092
2008-03-01,0.52,-0.47,-0.94,-1.09,1.4,435.1067543029785
2008-04-01,0.32,-0.29,-0.85,-0.94,0.7,311.45776748657227
2008-05-01,0.07,-0.03,-0.69,-0.9,-0.1,246.21197509765625
2008-06-01,0.44,-0.12,-0.64,-0.85,0.6,183.20722103118896
2008-07-01,0.9,0.25,-0.27,-0.68,0.3,200.58517456054688
2008-08-01,1.18,0.57,-0.07,-0.68,1.0,176.8732237815857
2008-09-01,1.12,0.34,-0.24,-0.58,1.2,170.94414710998535
2008-10-01,0.45,0.23,-0.2,-0.43,1.3,201.53364372253412
2008-11-01,0.0,-0.05,-0.35,-0.5,1.3,145.66733837127686
2008-12-01,-0.26,-0.63,-0.82,-0.77,1.4,166.85738706588745
2009-01-01,-0.16,-0.35,-0.8,-0.84,1.1,391.9756498336792
2009-02-01,-0.24,-0.42,-0.6,-0.69,1.9,356.51836013793945
2009-03-01,-0.49,-0.65,-0.62,-0.54,0.4,321.79094219207764
2009-04-01,0.34,-0.04,-0.16,-0.21,0.8,261.1948299407959
2009-05-01,0.5,0.38,0.18,0.03,-0.1,207.3695878982544
2009-06-01,0.73,0.63,0.42,0.12,0.1,177.59063243865967
2009-07-01,0.98,0.79,0.53,0.27,0.2,138.41549253463745
2009-08-01,0.8,0.83,0.69,0.47,-0.2,188.4442105293274
2009-09-01,0.63,0.82,0.71,0.37,0.3,113.82011890411376
2009-10-01,0.25,0.75,0.92,0.86,-1.2,162.1317596435547
2009-11-01,0.25,1.07,1.43,1.17,-0.6,153.54663848876953
2009-12-01,0.62,1.41,1.68,1.17,-0.7,279.5866365432739
2010-01-01,0.0,1.06,1.53,1.16,-1.1,337.4947261810303
2010-02-01,-0.3,0.74,1.19,0.92,-1.5,463.405158996582
2010-03-01,-0.1,0.72,1.11,0.87,-0.7,433.05519676208496
2010-04-01,0.62,0.55,0.59,0.7,1.2,405.236406326294
2010-05-01,0.13,-0.09,-0.11,0.21,0.9,268.5915250778198
2010-06-01,0.18,-0.56,-0.55,-0.26,0.4,157.24591255187988
2010-07-01,-1.07,-0.87,-0.92,-0.66,1.8,138.37278747558594
2010-08-01,-0.92,-0.99,-1.21,-1.13,1.8,101.5955719947815
2010-09-01,-1.35,-0.94,-1.31,-1.47,2.2,124.41839218139648
2010-10-01,-1.41,-1.36,-1.41,-1.35,1.7,114.4666018486023
2010-11-01,-1.32,-1.25,-1.44,-1.43,1.3,128.25692653656006
2010-12-01,-1.2,-1.29,-1.21,-1.14,2.9,264.3803834915161
2011-01-01,-0.62,-1.28,-1.48,-1.18,2.3,352.91103076934814
2011-02-01,0.01,-0.8,-1.19,-1.07,2.7,262.376766204834
2011-03-01,-0.5,-0.8,-0.83,-0.5,2.5,256.7096738815308
2011-04-01,-0.12,-0.37,-0.76,-0.75,1.9,355.8896827697754
2011-05-01,0.16,-0.28,-0.39,-0.42,0.4,173.9177942276001
2011-06-01,0.25,-0.05,-0.31,-0.49,0.2,187.23954677581787
2011-07-01,0.29,0.01,-0.19,-0.4,1.0,198.3137354850769
2011-08-01,-0.06,-0.34,-0.42,-0.23,0.4,120.07469701766968
2011-09-01,-0.7,-0.57,-0.67,-0.57,1.0,162.6813554763794
2011-10-01,-0.93,-0.74,-0.71,-0.69,0.8,127.5368480682373
2011-11-01,-0.67,-1.02,-0.98,-0.81,1.1,125.90506553649902
2011-12-01,-0.65,-0.92,-0.99,-1.01,2.5,220.28972339630127
2012-01-01,-0.61,-0.48,-0.65,-0.92,1.1,464.9239912033081
2012-02-01,-0.15,-0.25,-0.55,-0.63,0.5,551.2474708557129
2012-03-01,-0.08,-0.12,-0.44,-0.68,0.7,478.32016468048096
2012-04-01,0.82,-0.09,-0.51,-0.53,-0.3,362.1389579772949
2012-05-01,0.81,0.05,-0.19,-0.42,0.0,331.53564834594727
2012-06-01,1.31,0.55,0.24,-0.34,-0.4,191.81200504302976
2012-07-01,0.3,0.6,0.27,-0.25,-0.0,139.2358169555664
2012-08-01,0.09,0.7,0.68,0.09,-0.2,116.62811493873596
2012-09-01,0.55,0.4,0.44,0.12,0.2,107.8352952003479
2012-10-01,-0.46,0.02,0.36,0.34,0.3,151.87233114242554
2012-11-01,-0.1,0.24,0.5,0.37,0.3,222.4758338928223
2012-12-01,-0.45,-0.65,-0.47,0.01,-0.6,173.62517070770264
2013-01-01,-0.14,-0.67,-0.48,-0.08,-0.1,340.40502643585205
2013-02-01,-0.11,-0.55,-0.48,0.09,-0.2,416.260555267334
2013-03-01,-0.49,0.04,-0.22,-0.49,1.5,430.2271728515625
2013-04-01,-1.08,0.02,0.11,-0.15,0.2,336.32572174072266
2013-05-01,-1.37,-0.69,-0.3,-0.22,0.8,256.0035696029663
2013-06-01,-1.9,-0.8,-0.34,-0.27,1.2,127.65131950378418
2013-07-01,-1.81,-0.57,-0.26,-0.17,0.8,135.7571358680725
2013-08-01,-1.03,-0.72,-0.47,-0.19,0.2,118.31800985336304
2013-09-01,-0.77,-0.05,0.05,0.06,0.3,114.910089969635
2013-10-01,-0.67,-0.05,-0.15,0.12,-0.1,151.32479286193848
2013-11-01,-0.64,-0.23,-0.09,0.14,0.7,114.18870449066162
2013-12-01,-0.01,0.03,-0.18,-0.3,0.1,184.07402992248527
2014-01-01,0.19,-0.2,-0.49,-0.32,1.4,407.0763301849365
2014-02-01,-0.92,-0.75,-0.85,-0.16,0.1,306.9420051574707
2014-03-01,-0.79,-0.05,-0.34,0.05,-0.9,350.3885793685913
2014-04-01,-0.35,0.17,0.18,0.32,0.8,333.0601501464844
2014-05-01,0.57,0.59,0.45,0.48,0.5,340.6047010421753
2014-06-01,1.22,0.93,0.47,0.22,0.2,222.5596189498901
2014-07-01,1.36,0.48,-0.03,0.04,-0.2,170.77686595916748
2014-08-01,1.02,0.32,-0.01,0.28,-0.7,173.90017414093018
2014-09-01,0.74,0.34,0.31,0.53,-0.7,149.98357772827148
2014-10-01,0.39,0.63,0.43,0.47,-0.6,189.64468240737915
2014-11-01,0.74,0.88,0.75,0.73,-0.9,146.20240688323975
2014-12-01,-0.11,0.77,0.63,0.75,-0.6,218.25506162643435
2015-01-01,0.06,0.54,0.51,0.7,-0.8,334.42084884643555
2015-02-01,-0.57,0.37,0.75,0.96,0.2,260.96063232421875
2015-03-01,0.13,0.12,0.44,0.94,-0.7,440.4499864578247
2015-04-01,0.96,0.76,0.82,1.1,-0.0,409.99929428100586
2015-05-01,1.34,0.86,0.83,0.89,-0.7,402.3895053863525
2015-06-01,1.91,1.26,1.02,0.9,-0.6,223.66666316986084
2015-07-01,2.48,1.71,1.26,0.89,-1.1,240.8537983894348
2015-08-01,1.8,1.84,1.65,0.73,-1.4,136.59092664718628
2015-09-01,2.26,2.09,1.79,0.79,-1.6,139.9799394607544
2015-10-01,2.2,2.38,2.21,0.95,-1.7,264.4167175292969
2015-11-01,2.04,2.7,2.72,1.55,-0.5,240.61283111572263
2015-12-01,2.1,2.57,2.39,1.4,-0.6,363.5566968917847
2016-01-01,1.21,2.49,2.47,1.26,-2.2,425.0292472839356
2016-02-01,1.01,1.93,2.23,1.37,-2.0,426.55772590637207
2016-03-01,1.11,1.53,1.61,1.2,-0.1,438.49539852142334
2016-04-01,0.45,0.7,0.98,0.75,-1.2,396.4052867889404
2016-05-01,0.44,-0.03,0.27,0.56,0.4,260.38783740997314
2016-06-01,0.37,-0.02,0.02,0.41,0.6,172.17787742614746
2016-07-01,0.39,-0.47,-0.42,0.15,0.4,147.385151386261
2016-08-01,0.4,-0.43,-0.49,-0.01,0.7,95.18582201004028
2016-09-01,0.59,-0.1,-0.43,-0.16,1.2,181.1832332611084
2016-10-01,0.48,-0.48,-0.7,-0.4,-0.3,124.9171905517578
2016-11-01,0.26,-0.51,-0.64,-0.41,-0.1,108.52108240127563
2016-12-01,0.42,-0.28,-0.33,-0.06,0.3,240.6264815330505
2017-01-01,1.07,-0.03,-0.26,-0.07,0.2,420.9661617279053
2017-02-01,1.14,0.53,0.1,-0.09,-0.1,421.3440361022949
2017-03-01,1.83,0.5,0.21,-0.06,0.9,624.424238204956
2017-04-01,0.77,0.56,0.36,0.11,-0.2,421.09877586364746
2017-05-01,0.35,0.38,0.42,0.19,0.3,287.4885063171387
2017-06-01,-0.03,0.07,0.39,0.44,-0.4,236.1227130889893
2017-07-01,-0.32,0.15,0.28,0.23,0.8,155.49173641204834
2017-08-01,-0.28,0.02,-0.06,0.09,0.5,145.47779178619385
2017-09-01,-0.71,-0.51,-0.32,-0.09,0.6,153.57175827026367
2017-10-01,-1.07,-0.39,-0.37,-0.13,0.9,175.26275968551636
2017-11-01,-1.12,-0.95,-0.91,-0.35,0.9,124.97308731079102
2017-12-01,-1.22,-1.14,-0.93,-0.39,-0.1,224.9908275604248
2018-01-01,-0.74,-1.09,-0.7,-0.2,1.1,273.6322889328003
2018-02-01,-0.49,-0.79,-0.67,-0.26,-0.5,359.3596534729004
2018-03-01,-0.75,-0.73,-0.73,-0.18,1.5,294.544020652771
2018-04-01,-0.84,-0.49,-0.49,0.05,0.5,277.0531368255615
2018-05-01,-0.54,-0.15,-0.11,0.13,0.4,315.80064487457275
2018-06-01,-0.69,0.18,0.15,0.24,-0.1,149.67427253723145
2018-07-01,-0.29,0.27,0.22,0.22,0.2,140.26125574111938
2018-08-01,-0.18,0.14,0.28,0.47,-0.3,130.24948406219482
2018-09-01,0.02,0.28,0.33,0.46,-0.9,118.21900606155396
2018-10-01,0.27,0.76,0.86,0.88,0.4,113.72833943367004
2018-11-01,0.78,0.92,0.86,0.79,-0.1,225.20353317260745
2018-12-01,0.84,0.94,0.9,0.97,1.0,309.5617151260376
2019-01-01,0.8,0.73,0.67,0.83,-0.0,381.1023712158203
2019-02-01,0.67,0.71,0.71,0.85,-1.4,427.33696365356445
2019-03-01,0.5,0.79,0.97,0.87,-0.3,474.7813949584961
2019-04-01,0.47,0.64,0.72,0.61,0.1,324.1332149505615
2019-05-01,0.15,0.66,0.75,0.62,-0.4,295.9699764251709
2019-06-01,-0.03,0.42,0.6,0.69,-0.5,219.4076156616211
2019-07-01,-0.59,0.06,0.42,0.73,-0.4,185.76694774627688
2019-08-01,-0.47,-0.11,0.15,0.62,-0.1,117.3714771270752
2019-09-01,-0.72,-0.21,-0.01,0.57,-1.2,113.6719250679016
2019-10-01,-0.93,0.16,0.52,0.84,-0.4,218.5508632659912
2019-11-01,-0.13,0.37,0.46,0.73,-0.8,187.0227527618408
2019-12-01,0.27,0.29,0.44,0.85,-0.6,256.6128225326538
2020-01-01,-0.03,0.22,0.52,0.94,0.2,275.3156280517578
2020-02-01,0.14,0.1,0.35,0.88,-0.1,373.9493713378906
2020-03-01,0.44,0.17,0.46,0.73,-0.1,351.7281198501587
2020-04-01,0.28,0.39,0.41,0.53,0.2,307.3798370361328
2020-05-01,-0.28,-0.13,-0.21,0.04,0.4,219.049325466156
2020-06-01,-0.87,-0.57,-0.27,0.15,-0.4,132.13520050048828
2020-07-01,-1.01,-0.42,-0.14,0.05,0.4,141.90418100357056
2020-08-01,-0.69,-0.43,-0.52,-0.34,1.1,73.152517080307
2020-09-01,-0.76,-0.8,-0.64,-0.43,0.9,119.71273183822632
2020-10-01,-0.76,-0.9,-1.13,-0.71,0.5,115.17911410331726
2020-11-01,-0.67,-1.03,-1.23,-0.7,0.7,107.84457206726074
2020-12-01,-0.86,-0.7,-0.99,-0.85,1.8,297.91735076904297
2021-01-01,-0.74,-0.51,-0.9,-1.0,1.9,427.8130435943604
2021-02-01,-0.58,-0.71,-0.87,-0.87,1.5,295.9855194091797
2021-03-01,-0.42,-0.47,-0.55,-0.41,0.4,464.15666007995605
2021-04-01,-1.13,-0.76,-0.57,-0.18,0.3,389.4078254699707
2021-05-01,-0.83,-0.45,-0.32,-0.06,0.5,221.22583484649653
2021-06-01,-0.05,-0.09,-0.04,0.04,0.4,184.2423248291016
2021-07-01,0.25,-0.1,-0.19,-0.13,1.4,108.2992980480194
2021-08-01,-0.01,-0.2,-0.28,-0.07,0.6,118.14715266227722
2021-09-01,0.18,-0.17,-0.27,-0.42,0.8,146.6314458847046
2021-10-01,-0.29,-0.56,-0.77,-0.57,0.7,184.348870754242
2021-11-01,-0.81,-0.77,-0.85,-0.68,1.0,166.03065490722656
2021-12-01,-1.53,-1.21,-1.05,-0.76,1.5,198.4310007095337
2022-01-01,-0.7,-1.17,-0.83,-0.22,0.5,279.96724224090576
2022-02-01,-1.43,-1.06,-0.71,-0.23,1.1,306.80373764038086
2022-03-01,-0.66,-0.7,-0.89,-0.65,1.8,481.8461923599243
2022-04-01,-1.42,-0.89,-0.95,-0.72,1.7,335.74419021606445
2022-05-01,-1.42,-0.92,-1.05,-0.86,1.4,249.1526670455933
2022-06-01,-1.41,-0.62,-0.68,-0.57,1.7,160.09431838989258
2022-07-01,-1.16,-0.36,-0.62,-0.88,0.8,136.119722366333
2022-08-01,-0.57,-0.53,-0.98,-0.93,1.0,112.72489619255066
2022-09-01,-1.12,-0.8,-0.93,-1.01,1.6,42.91863441467285
2022-10-01,-1.81,-0.92,-0.85,-1.08,1.7,48.02002811431885
2022-11-01,-1.36,-0.89,-0.93,-0.9,0.3,40.74086666107178
2022-12-01,-0.3,-0.78,-0.84,-0.73,2.1,78.83680582046509
2023-01-01,-0.24,-0.5,-0.69,-0.6,1.4,130.64532995224
2023-02-01,0.71,-0.13,-0.44,-0.52,1.4,189.758695602417
2023-03-01,1.52,0.36,-0.01,-0.14,0.2,226.38803243637085
2023-04-01,2.45,0.44,0.19,0.3,0.2,271.0747718811035
2023-05-01,2.02,0.9,0.47,0.33,-1.0,182.870409488678
2023-06-01,2.63,1.21,0.88,0.64,0.3,94.84658718109132
2023-07-01,3.21,1.59,1.07,0.71,-0.3,104.4720585346222
2023-08-01,3.3,1.96,1.3,0.95,-0.8,52.21809506416321
2023-09-01,2.82,2.07,1.53,1.1,-1.3,63.75256776809693
2023-10-01,2.46,2.0,1.59,1.24,-0.5,93.57974076271056
2023-11-01,2.22,2.08,1.9,1.44,-0.8,73.18561792373657
2023-12-01,1.41,2.06,1.99,1.39,-0.2,140.5674638748169
2024-01-01,0.83,1.87,1.78,1.45,0.5,147.64748668670654
2024-02-01,0.92,1.47,1.53,1.22,-1.4,226.7388935089112
2024-03-01,0.28,1.03,1.24,0.93,0.4,268.2261743545532
2024-04-01,0.08,0.62,0.81,0.81,-0.2,347.9303455352783
2024-05-01,-0.68,-0.03,0.31,0.7,0.5,224.42670392990112
2024-06-01,-0.65,-0.14,0.24,0.65,0.0,131.49975299835205
2024-07-01,-0.41,-0.08,0.21,0.6,-0.7,93.13861775398254
2024-08-01,-0.34,-0.25,-0.07,0.48,0.9,76.1910285949707
2024-09-01,-0.68,-0.16,-0.15,0.3,-0.1,64.62631702423096
2024-10-01,-0.32,-0.05,-0.28,0.15,0.5,146.5420627593994
2024-11-01,0.26,-0.03,-0.14,0.14,0.5,73.94655704498291
2024-12-01,-0.1,-0.35,-0.62,-0.37,1.2,232.4601035118103
2025-01-01,-0.2,-0.18,-0.71,-0.63,0.2,291.3997812271118
2025-02-01,0.69,0.11,-0.35,-0.58,0.5,551.6774597167969
2025-03-01,1.15,0.51,0.1,-0.36,1.7,481.1723127365112
2025-04-01,0.63,-0.03,-0.16,-0.17,0.5,421.997652053833
2025-05-01,0.16,-0.18,-0.04,0.01,0.4,260.8783025741577
2025-06-01,0.61,-0.01,0.04,0.23,0.3,163.8348627090454
2025-07-01,0.46,0.04,-0.06,0.05,0.6,130.4262022972107
2025-08-01,0.23,-0.24,-0.33,-0.06,0.4,125.6444034576416
2025-09-01,-0.18,-0.41,-0.44,-0.27,0.0,138.6386489868164
2025-10-01,-0.04,-0.35,-0.48,-0.33,1.1,186.72226095199585
2025-11-01,-0.34,-0.6,-0.68,-0.52,1.1,217.55262851715088
2025-12-01,-0.43,-0.7,-0.61,-0.23,-0.0,103.17608046531676
2026-01-01,-0.29,-0.5,-0.54,-0.04,1.1,306.24664306640625
2026-02-01,0.92,-0.01,-0.2,0.23,1.4,514.8868408203125
2026-03-01,1.29,0.24,0.03,0.34,1.2,363.70318603515625
2026-04-01,1.52,0.55,0.47,0.82,-0.6,210.34417724609372
2026-05-01,1.81,1.14,0.94,0.98,-0.9,205.2885284423828
2026-06-01,2.83,1.75,1.55,1.23,-1.4,222.5569000244141
2026-07-01,3.56,2.33,2.03,1.06,-2.4,151.14920043945312
2026-08-01,4.08,3.13,2.52,0.93,-1.1,114.84992980957033
